Server Name,EH,799 Found,799 Message,799 Last Date,799 Offset,799 TimeWritten
ABBTSS001 ,Error: WMI Service root\cimv2 -2147217394 Invalid namespace ,,,,,
ABBTSS002,0,True,SCCM client health check.,4/10/2014 9:05:00 PM,1,20140410210500.000000-180
ABBTSS050,0,True,SCCM client health check.,4/7/2014 4:05:03 AM,4,20140407040503.000000-000
ABUTSS001,0,True,SCCM client health check.,4/10/2014 9:05:02 PM,1,20140410210502.000000+240
ABUTSS050,0,True,SCCM client health check.,4/6/2014 9:05:03 PM,5,20140406210503.000000-000
ABUTSS100,0,True,SCCM client health check.,4/10/2014 9:05:01 PM,1,20140410210501.000000+240
AKOTSS101,0,True,SCCM client health check.,4/10/2014 9:05:01 PM,1,20140410210501.000000-240
ANCTSS001,0,True,SCCM client health check.,4/10/2014 9:05:00 PM,1,20140410210500.000000-480
ANTTSS100,0,True,SCCM client health check.,4/10/2014 9:05:01 PM,1,20140410210501.000000+120
ANTTSS101,0,True,SCCM client health check.,4/10/2014 9:05:01 PM,1,20140410210501.000000+120
ANTTSS102,0,False,,,,
ANTTSS103,0,True,SCCM client health check.,4/10/2014 9:05:01 PM,1,20140410210501.000000+120
ANTTSS104,0,True,SCCM client health check.,4/10/2014 9:05:00 PM,1,20140410210500.000000+120
ANTTSS105,0,True,SCCM client health check.,4/7/2014 6:05:00 AM,4,20140407060500.000000-000
APPTSS100,0,True,SCCM client health check.,4/10/2014 9:05:01 PM,1,20140410210501.000000+120
APPTSS101,0,True,SCCM client health check.,4/10/2014 9:05:02 PM,1,20140410210502.000000+120
ATRTSS001,0,True,SCCM client health check.,4/10/2014 9:05:01 PM,1,20140410210501.000000+300
AUGTSS100,0,False,,,,
AUGTSS101,0,True,SCCM client health check.,4/10/2014 9:05:01 PM,1,20140410210501.000000+120
BDPTSS001,0,True,SCCM client health check.,4/10/2014 9:05:01 PM,1,20140410210501.000000+120
BDPTSS002,0,True,SCCM client health check.,4/10/2014 9:05:00 PM,1,20140410210500.000000+120
BDPTSS003,0,True,SCCM client health check.,4/10/2014 9:05:00 PM,1,20140410210500.000000+120
BDPTSS100,0,True,SCCM client health check.,4/10/2014 9:05:01 PM,1,20140410210501.000000+120
BIRTSS001,0,True,SCCM client health check.,4/10/2014 9:05:01 PM,1,20140410210501.000000-360
BIRTSS100,0,False,,,,
BKKTSS001,0,True,SCCM client health check.,4/10/2014 9:05:01 PM,1,20140410210501.000000+420
BKKTSS050,0,True,SCCM client health check.,4/6/2014 6:05:02 PM,5,20140406180502.000000-000
BKKTSS100,0,True,SCCM client health check.,4/10/2014 9:05:01 PM,1,20140410210501.000000+420
BKKTSS101,0,True,SCCM client health check.,4/10/2014 9:05:01 PM,1,20140410210501.000000+420
BLVTSS001,Error: Server Unreachable,,,,,
BMTTSS001,0,True,SCCM client health check.,4/10/2014 9:05:01 PM,1,20140410210501.000000-300
BMTTSS100,0,True,SCCM client health check.,4/10/2014 9:05:01 PM,1,20140410210501.000000-300
BMTTSS101,0,True,SCCM client health check.,4/10/2014 9:05:00 PM,1,20140410210500.000000-300
BOGTSS001,0,True,SCCM client health check.,4/10/2014 9:05:01 PM,1,20140410210501.000000-300
BRDTSS100,Error: Server Unreachable,,,,,
BRRTSS001,0,True,SCCM client health check.,4/10/2014 9:05:00 PM,1,20140410210500.000000-300
BRRTSS002,0,True,SCCM client health check.,4/7/2014 1:05:03 AM,4,20140407010503.000000-300
BRRTSS100,0,False,,,,
BRRTSS101,0,True,SCCM client health check.,4/10/2014 9:05:01 PM,1,20140410210501.000000-300
BRRTSS102,0,True,SCCM client health check.,4/10/2014 9:05:00 PM,1,20140410210500.000000-300
BSRTSS050,Error: Server Unreachable,,,,,
BTATSS001,0,True,SCCM client health check.,4/10/2014 9:05:01 PM,1,20140410210501.000000-300
BTATSS002,0,True,SCCM client health check.,4/10/2014 9:05:00 PM,1,20140410210500.000000-300
BTNTSS100,0,True,SCCM client health check.,4/10/2014 9:05:00 PM,1,20140410210500.000000-300
BTRTSS100,0,True,SCCM client health check.,4/10/2014 9:05:02 PM,1,20140410210502.000000-300
BTRTSS101,0,True,SCCM client health check.,4/10/2014 9:05:03 PM,1,20140410210503.000000-300
CAITSS100,0,False,,,,
CALTSS001,Error: Server Unreachable,,,,,
CALTSS003,Error: Server Unreachable,,,,,
CALTSS004,Error: Server Unreachable,,,,,
CALTSS005,Error: Server Unreachable,,,,,
CALTSS006,Error: Server Unreachable,,,,,
CALTSS007,0,True,SCCM client health check.,4/10/2014 9:05:00 PM,1,20140410210500.000000-360
CALTSS008,0,True,SCCM client health check.,4/10/2014 9:05:02 PM,1,20140410210502.000000-360
CALTSS009,0,True,SCCM client health check.,4/10/2014 9:05:01 PM,1,20140410210501.000000-360
CALTSS050,0,True,SCCM client health check.,4/7/2014 7:05:01 AM,4,20140407070501.000000-000
CALTSS051,0,True,SCCM client health check.,4/7/2014 7:05:00 AM,4,20140407070500.000000-000
CALTSS052,0,True,SCCM client health check.,4/7/2014 7:05:00 AM,4,20140407070500.000000-000
CALTSS053,0,True,SCCM client health check.,4/7/2014 7:05:00 AM,4,20140407070500.000000-000
CALTSS054,0,True,SCCM client health check.,4/7/2014 6:05:03 AM,4,20140407060503.000000-000
CALTSS055,0,True,SCCM client health check.,4/7/2014 6:05:02 AM,4,20140407060502.000000-000
CALTSS056,0,True,SCCM client health check.,4/7/2014 6:05:00 AM,4,20140407060500.000000-000
CALTSS057,0,True,SCCM client health check.,4/7/2014 6:05:00 AM,4,20140407060500.000000-000
CALTSS058,0,True,SCCM client health check.,4/7/2014 6:05:03 AM,4,20140407060503.000000-000
CALTSS059,0,True,SCCM client health check.,4/7/2014 6:05:03 AM,4,20140407060503.000000-000
CALTSS060,0,True,SCCM client health check.,4/7/2014 6:05:00 AM,4,20140407060500.000000-000
CALTSS061,0,True,SCCM client health check.,4/7/2014 6:05:02 AM,4,20140407060502.000000-000
CALTSS102,0,True,SCCM client health check.,4/10/2014 9:05:02 PM,1,20140410210502.000000-360
CALTSS103,0,True,SCCM client health check.,4/10/2014 9:05:01 PM,1,20140410210501.000000-360
CALTSS104,0,True,SCCM client health check.,4/7/2014 8:05:00 AM,4,20140407080500.000000-000
CALTSS105,0,True,SCCM client health check.,4/7/2014 6:05:00 AM,4,20140407060500.000000-000
CALTSS300,0,True,SCCM client health check.,4/10/2014 9:05:01 PM,1,20140410210501.000000-360
CCATSS100,0,True,SCCM client health check.,4/10/2014 9:05:01 PM,1,20140410210501.000000-240
CEPTSS050,0,True,SCCM client health check.,4/6/2014 6:05:00 PM,5,20140406180500.000000-000
CGYTSS003,0,True,SCCM client health check.,4/10/2014 9:05:00 PM,1,20140410210500.000000-360
CGYTSS004,0,True,SCCM client health check.,4/10/2014 9:05:01 PM,1,20140410210501.000000-360
CGYTSS100,0,True,SCCM client health check.,4/10/2014 9:05:01 PM,1,20140410210501.000000-360
CGYTSS103,0,True,SCCM client health check.,4/10/2014 9:05:00 PM,1,20140410210500.000000-360
CHLTSS001,0,True,SCCM client health check.,4/10/2014 9:05:01 PM,1,20140410210501.000000-300
CHLTSS100,0,True,SCCM client health check.,4/10/2014 9:05:01 PM,1,20140410210501.000000-300
CHLTSS103,Error: Server Unreachable,,,,,
CLNTSS002,0,False,,,,
CSDTSS100,0,True,SCCM client health check.,4/10/2014 9:05:01 PM,1,20140410210501.000000-360
CSSTSS001,0,True,SCCM client health check.,4/10/2014 9:05:00 PM,1,20140410210500.000000-300
CSSTSS003,0,True,SCCM client health check.,4/10/2014 9:05:00 PM,1,20140410210500.000000-180
CSSTSS103,0,True,SCCM client health check.,4/10/2014 9:05:00 PM,1,20140410210500.000000-180
CSSTSS104,0,True,SCCM client health check.,4/10/2014 9:05:00 PM,1,20140410210500.000000-180
CTBTSS001,0,True,SCCM client health check.,4/10/2014 9:05:00 PM,1,20140410210500.000000-180
CTBTSS100,0,True,SCCM client health check.,4/10/2014 9:05:00 PM,1,20140410210500.000000-180
CTBTSS499,0,False,,,,
CTCTSS001,0,True,SCCM client health check.,4/10/2014 9:05:00 PM,1,20140410210500.000000-300
CTCTSS050,0,True,SCCM client health check.,4/7/2014 6:05:00 AM,4,20140407060500.000000-000
CTCTSS051,0,True,SCCM client health check.,4/7/2014 4:05:00 AM,4,20140407040500.000000-000
CTCTSS052,0,True,SCCM client health check.,4/7/2014 6:05:00 AM,4,20140407060500.000000-000
CTCTSS053,0,True,SCCM client health check.,4/7/2014 4:05:01 AM,4,20140407040501.000000-000
CTCTSS100,Error: Server Unreachable,,,,,
CTCTSS300,0,True,SCCM client health check.,4/10/2014 9:05:01 PM,1,20140410210501.000000-360
CVOTSS002,0,True,SCCM client health check.,4/10/2014 9:05:00 PM,1,20140410210500.000000+660
CVOTSS100,0,True,SCCM client health check.,4/6/2014 2:05:00 PM,5,20140406140500.000000-000
DACTSS601,0,True,SCCM client health check.,4/7/2014 6:05:00 AM,4,20140407060500.000000-000
DACTSS602,0,True,SCCM client health check.,4/7/2014 6:05:00 AM,4,20140407060500.000000-000
DALTSS001,0,True,SCCM client health check.,4/10/2014 9:05:01 PM,1,20140410210501.000000-300
DALTSS002,0,True,SCCM client health check.,4/10/2014 9:05:00 PM,1,20140410210500.000000-300
DALTSS003,0,True,SCCM client health check.,4/10/2014 9:05:00 PM,1,20140410210500.000000-300
DALTSS004,0,True,SCCM client health check.,4/10/2014 9:05:01 PM,1,20140410210501.000000-300
DALTSS005,0,True,SCCM client health check.,4/10/2014 9:05:00 PM,1,20140410210500.000000-300
DALTSS006,0,True,SCCM client health check.,4/10/2014 9:05:01 PM,1,20140410210501.000000-300
DALTSS007,0,True,SCCM client health check.,4/10/2014 9:05:04 PM,1,20140410210504.000000-300
DALTSS008,0,True,SCCM client health check.,4/10/2014 9:05:10 PM,1,20140410210510.000000-300
DALTSS009,0,True,SCCM client health check.,4/10/2014 9:05:00 PM,1,20140410210500.000000-300
DALTSS010,0,True,SCCM client health check.,4/10/2014 9:05:01 PM,1,20140410210501.000000-300
DALTSS011,0,True,SCCM client health check.,4/10/2014 9:05:00 PM,1,20140410210500.000000-300
DALTSS020,0,True,SCCM client health check.,4/10/2014 9:05:01 PM,1,20140410210501.000000-300
DALTSS021,0,True,SCCM client health check.,4/10/2014 9:05:00 PM,1,20140410210500.000000-300
DALTSS022,0,True,SCCM client health check.,4/10/2014 9:05:00 PM,1,20140410210500.000000-300
DALTSS023,0,True,SCCM client health check.,4/10/2014 9:05:01 PM,1,20140410210501.000000-300
DALTSS050,0,True,SCCM client health check.,4/7/2014 7:59:37 AM,4,20140407075937.000000-000
DALTSS051,0,True,SCCM client health check.,4/7/2014 6:05:03 AM,4,20140407060503.000000-000
DALTSS052,0,True,SCCM client health check.,4/7/2014 6:05:12 AM,4,20140407060512.000000-000
DALTSS053,0,True,SCCM client health check.,4/10/2014 9:55:34 AM,1,20140410095534.000000-000
DALTSS054,0,True,SCCM client health check.,4/7/2014 6:05:02 AM,4,20140407060502.000000-000
DALTSS055,Error: WMI Service root\cimv2 -2147024891 Access is denied. ,,,,,
DALTSS056,0,True,SCCM client health check.,4/7/2014 6:05:03 AM,4,20140407060503.000000-000
DALTSS100,0,True,SCCM client health check.,4/10/2014 9:05:00 PM,1,20140410210500.000000-300
DALTSS101,0,True,SCCM client health check.,4/10/2014 9:05:01 PM,1,20140410210501.000000-300
DALTSS103,0,True,SCCM client health check.,4/10/2014 9:05:01 PM,1,20140410210501.000000-300
DALTSS104,0,True,SCCM client health check.,4/10/2014 9:05:01 PM,1,20140410210501.000000-300
DALTSS105,0,True,SCCM client health check.,4/10/2014 9:05:01 PM,1,20140410210501.000000-300
DALTSS108,0,True,SCCM client health check.,4/10/2014 9:05:01 PM,1,20140410210501.000000-300
DALTSS109,0,True,SCCM client health check.,4/10/2014 9:05:00 PM,1,20140410210500.000000-300
DALTSS114,0,True,SCCM client health check.,4/10/2014 9:05:00 PM,1,20140410210500.000000-300
DALTSS115,0,True,SCCM client health check.,4/10/2014 9:05:00 PM,1,20140410210500.000000-300
DALTSS116,0,True,SCCM client health check.,4/10/2014 9:05:00 PM,1,20140410210500.000000-300
DALTSS117,0,True,SCCM client health check.,4/10/2014 9:05:00 PM,1,20140410210500.000000-300
DALTSS118,0,True,SCCM client health check.,4/10/2014 9:05:01 PM,1,20140410210501.000000-300
DALTSS119,0,True,SCCM client health check.,4/10/2014 9:05:01 PM,1,20140410210501.000000-300
DALTSS120,0,True,SCCM client health check.,4/10/2014 9:05:01 PM,1,20140410210501.000000-300
DALTSS121,0,True,SCCM client health check.,4/10/2014 9:05:00 PM,1,20140410210500.000000-300
DALTSS122,0,True,SCCM client health check.,4/10/2014 9:05:01 PM,1,20140410210501.000000-300
DALTSS125,0,True,SCCM client health check.,4/10/2014 9:05:00 PM,1,20140410210500.000000-300
DALTSS126,0,True,SCCM client health check.,4/10/2014 9:05:00 PM,1,20140410210500.000000-300
DALTSS127,0,True,SCCM client health check.,4/10/2014 9:05:00 PM,1,20140410210500.000000-300
DALTSS128,0,True,SCCM client health check.,4/7/2014 6:05:00 AM,4,20140407060500.000000-000
DALTSS129,0,True,SCCM client health check.,4/10/2014 9:05:01 PM,1,20140410210501.000000-300
DALTSS130,0,True,SCCM client health check.,4/10/2014 9:05:01 PM,1,20140410210501.000000-300
DALTSS132,0,True,SCCM client health check.,4/10/2014 9:05:01 PM,1,20140410210501.000000-300
DALTSS133,0,True,SCCM client health check.,4/10/2014 9:05:02 PM,1,20140410210502.000000-300
DALTSS134,0,True,SCCM client health check.,4/10/2014 9:05:00 PM,1,20140410210500.000000-300
DALTSS135,0,True,SCCM client health check.,4/10/2014 9:05:02 PM,1,20140410210502.000000-300
DALTSS136,0,True,SCCM client health check.,4/10/2014 9:05:00 PM,1,20140410210500.000000-300
DALTSS138,Error: Server Unreachable,,,,,
DALTSS139,Error: Server Unreachable,,,,,
DALTSS140,0,True,SCCM client health check.,4/10/2014 9:05:00 PM,1,20140410210500.000000-300
DALTSS141,0,True,SCCM client health check.,4/7/2014 6:05:02 AM,4,20140407060502.000000-000
DALTSS142,0,True,SCCM client health check.,4/10/2014 9:05:01 PM,1,20140410210501.000000-300
DALTSS143,0,True,SCCM client health check.,4/10/2014 9:05:00 PM,1,20140410210500.000000-300
DALTSS144,0,True,SCCM client health check.,4/10/2014 9:05:01 PM,1,20140410210501.000000-300
DALTSS145,0,True,SCCM client health check.,4/10/2014 9:05:00 PM,1,20140410210500.000000-300
DALTSS146,0,True,SCCM client health check.,4/10/2014 9:05:00 PM,1,20140410210500.000000-300
DALTSS147,0,True,SCCM client health check.,4/10/2014 9:05:00 PM,1,20140410210500.000000-300
DALTSS148,0,True,SCCM client health check.,4/10/2014 9:05:01 PM,1,20140410210501.000000-300
DALTSS149,0,True,SCCM client health check.,4/10/2014 9:05:02 PM,1,20140410210502.000000-300
DALTSS150,0,True,SCCM client health check.,4/10/2014 9:05:01 PM,1,20140410210501.000000-300
DALTSS151,0,True,SCCM client health check.,4/10/2014 9:05:01 PM,1,20140410210501.000000-300
DALTSS152,0,True,SCCM client health check.,4/10/2014 9:05:19 PM,1,20140410210519.000000-300
DALTSS153,Error: Server Unreachable,,,,,
DALTSS154,0,False,,,,
DALTSS155,0,True,SCCM client health check.,4/10/2014 9:05:00 PM,1,20140410210500.000000-300
DALTSS156,0,True,SCCM client health check.,4/10/2014 9:05:01 PM,1,20140410210501.000000-300
DALTSS157,0,True,SCCM client health check.,4/10/2014 9:05:01 PM,1,20140410210501.000000-300
DALTSS158,0,True,SCCM client health check.,4/10/2014 9:05:00 PM,1,20140410210500.000000-300
DALTSS159,0,False,,,,
DALTSS160,0,True,SCCM client health check.,4/10/2014 9:05:00 PM,1,20140410210500.000000-300
DALTSS161,0,True,SCCM client health check.,4/10/2014 9:05:00 PM,1,20140410210500.000000-300
DALTSS162,0,True,SCCM client health check.,4/10/2014 9:05:00 PM,1,20140410210500.000000-300
DALTSS163,Error: Server Unreachable,,,,,
DALTSS164,0,True,SCCM client health check.,4/10/2014 9:05:00 PM,1,20140410210500.000000-300
DALTSS165,0,True,SCCM client health check.,4/10/2014 9:05:01 PM,1,20140410210501.000000-300
DALTSS166,0,True,SCCM client health check.,4/10/2014 9:05:00 PM,1,20140410210500.000000-300
DALTSS167,0,True,SCCM client health check.,4/10/2014 9:05:01 PM,1,20140410210501.000000-300
DALTSS168,0,False,,,,
DALTSS169,0,True,SCCM client health check.,4/10/2014 9:05:01 PM,1,20140410210501.000000-300
DALTSS171,0,True,SCCM client health check.,4/7/2014 6:05:01 AM,4,20140407060501.000000-000
DALTSS181,0,True,SCCM client health check.,4/10/2014 9:05:01 PM,1,20140410210501.000000-300
DALTSS182,0,True,SCCM client health check.,4/10/2014 9:05:00 PM,1,20140410210500.000000-300
DALTSS189,0,True,SCCM client health check.,4/7/2014 6:05:03 AM,4,20140407060503.000000-000
DALTSS190,0,True,SCCM client health check.,4/10/2014 9:05:01 PM,1,20140410210501.000000-300
DALTSS191,0,True,SCCM client health check.,4/10/2014 9:05:01 PM,1,20140410210501.000000-300
DALTSS192,0,False,,,,
DALTSS193,0,False,,,,
DALTSS194,0,False,,,,
DALTSS195,0,False,,,,
DALTSS196,0,False,,,,
DALTSS197,0,True,SCCM client health check.,4/10/2014 9:05:00 PM,1,20140410210500.000000-300
DALTSS198,0,True,SCCM client health check.,4/10/2014 9:05:00 PM,1,20140410210500.000000-300
DALTSS199,0,True,SCCM client health check.,4/10/2014 9:05:00 PM,1,20140410210500.000000-300
DALTSS200,0,True,SCCM client health check.,4/10/2014 9:05:01 PM,1,20140410210501.000000-300
DALTSS201,0,True,SCCM client health check.,4/10/2014 9:05:01 PM,1,20140410210501.000000-300
DALTSS202,0,True,SCCM client health check.,4/10/2014 9:05:01 PM,1,20140410210501.000000-300
DALTSS203,0,True,SCCM client health check.,4/10/2014 9:05:01 PM,1,20140410210501.000000-300
DALTSS204,0,True,SCCM client health check.,4/10/2014 9:05:01 PM,1,20140410210501.000000-300
DALTSS205,0,True,SCCM client health check.,4/10/2014 9:05:00 PM,1,20140410210500.000000-300
DALTSS206,0,True,SCCM client health check.,4/10/2014 9:05:01 PM,1,20140410210501.000000-300
DALTSS207,0,True,SCCM client health check.,4/10/2014 9:05:01 PM,1,20140410210501.000000-300
DALTSS208,0,True,SCCM client health check.,4/10/2014 9:05:01 PM,1,20140410210501.000000-300
DALTSS209,0,True,SCCM client health check.,4/10/2014 9:05:01 PM,1,20140410210501.000000-300
DALTSS210,0,True,SCCM client health check.,4/10/2014 9:05:01 PM,1,20140410210501.000000-300
DALTSS211,0,True,SCCM client health check.,4/10/2014 9:05:00 PM,1,20140410210500.000000-300
DALTSS212,0,True,SCCM client health check.,4/10/2014 9:05:02 PM,1,20140410210502.000000-300
DALTSS213,0,True,SCCM client health check.,4/10/2014 9:05:01 PM,1,20140410210501.000000-300
DALTSS214,0,True,SCCM client health check.,4/10/2014 9:05:01 PM,1,20140410210501.000000-300
DALTSS215,0,True,SCCM client health check.,4/10/2014 9:05:00 PM,1,20140410210500.000000-300
DALTSS216,0,True,SCCM client health check.,4/10/2014 9:05:01 PM,1,20140410210501.000000-300
DALTSS217,0,True,SCCM client health check.,4/10/2014 9:05:01 PM,1,20140410210501.000000-300
DALTSS218,0,True,SCCM client health check.,4/10/2014 9:05:02 PM,1,20140410210502.000000-300
DALTSS219,0,False,,,,
DALTSS220,0,True,SCCM client health check.,4/10/2014 9:05:01 PM,1,20140410210501.000000-300
DALTSS221,0,True,SCCM client health check.,4/10/2014 9:05:00 PM,1,20140410210500.000000-300
DALTSS222,0,True,SCCM client health check.,4/10/2014 9:05:00 PM,1,20140410210500.000000-300
DALTSS223,0,True,SCCM client health check.,4/10/2014 9:05:00 PM,1,20140410210500.000000-300
DALTSS224,0,True,SCCM client health check.,4/7/2014 6:05:02 AM,4,20140407060502.000000-000
DALTSS225,0,True,SCCM client health check.,4/7/2014 6:05:01 AM,4,20140407060501.000000-000
DALTSS226,0,True,SCCM client health check.,4/7/2014 6:05:00 AM,4,20140407060500.000000-000
DALTSS227,0,True,SCCM client health check.,4/7/2014 6:05:01 AM,4,20140407060501.000000-000
DALTSS228,0,True,SCCM client health check.,4/7/2014 6:05:02 AM,4,20140407060502.000000-000
DALTSS229,0,True,SCCM client health check.,4/7/2014 6:05:02 AM,4,20140407060502.000000-000
DALTSS230,0,True,SCCM client health check.,4/7/2014 6:05:02 AM,4,20140407060502.000000-000
DALTSS231,0,True,SCCM client health check.,4/7/2014 6:05:00 AM,4,20140407060500.000000-000
DALTSS232,0,True,SCCM client health check.,4/7/2014 6:05:00 AM,4,20140407060500.000000-000
DALTSS233,0,True,SCCM client health check.,4/10/2014 9:05:00 PM,1,20140410210500.000000-300
DALTSS234,0,True,SCCM client health check.,4/10/2014 9:05:00 PM,1,20140410210500.000000-300
DALTSS235,0,True,SCCM client health check.,4/10/2014 9:05:01 PM,1,20140410210501.000000-300
DALTSS236,0,True,SCCM client health check.,4/10/2014 9:05:00 PM,1,20140410210500.000000-300
DALTSS237,0,True,SCCM client health check.,4/7/2014 6:05:01 AM,4,20140407060501.000000-000
DALTSS238,0,True,SCCM client health check.,4/7/2014 6:05:03 AM,4,20140407060503.000000-000
DALTSS239,0,True,SCCM client health check.,4/7/2014 6:05:00 AM,4,20140407060500.000000-000
DALTSS240,0,True,SCCM client health check.,4/10/2014 9:05:02 PM,1,20140410210502.000000-300
DALTSS241,0,True,SCCM client health check.,4/7/2014 6:05:02 AM,4,20140407060502.000000-000
DALTSS242,0,True,SCCM client health check.,4/7/2014 6:05:01 AM,4,20140407060501.000000-000
DALTSS243,0,True,SCCM client health check.,4/7/2014 6:05:03 AM,4,20140407060503.000000-000
DALTSS244,0,True,SCCM client health check.,4/7/2014 6:05:00 AM,4,20140407060500.000000-000
DALTSS245,0,True,SCCM client health check.,4/7/2014 6:05:00 AM,4,20140407060500.000000-000
DALTSS288,0,True,SCCM client health check.,4/7/2014 6:05:02 AM,4,20140407060502.000000-000
DALTSS289,0,True,SCCM client health check.,4/7/2014 6:05:00 AM,4,20140407060500.000000-000
DALTSS290,0,True,SCCM client health check.,4/7/2014 6:05:00 AM,4,20140407060500.000000-000
DALTSS291,0,True,SCCM client health check.,4/7/2014 6:05:00 AM,4,20140407060500.000000-000
DALTSS292,0,False,,,,
DALTSS293,0,True,SCCM client health check.,4/7/2014 6:05:00 AM,4,20140407060500.000000-000
DALTSS294,0,False,,,,
DALTSS300,0,True,SCCM client health check.,4/10/2014 9:05:01 PM,1,20140410210501.000000-300
DALTSS301,0,True,SCCM client health check.,4/10/2014 9:05:01 PM,1,20140410210501.000000-300
DALTSS350,0,True,SCCM client health check.,4/7/2014 6:05:04 AM,4,20140407060504.000000-000
DALTSS403,0,True,SCCM client health check.,4/10/2014 9:05:00 PM,1,20140410210500.000000-300
DALTSS404,0,True,SCCM client health check.,4/10/2014 9:05:01 PM,1,20140410210501.000000-300
DALTSS405,0,True,SCCM client health check.,4/10/2014 9:05:01 PM,1,20140410210501.000000-300
DALTSS450,0,True,SCCM client health check.,4/7/2014 6:05:01 AM,4,20140407060501.000000-000
DARTSS001,0,True,SCCM client health check.,4/10/2014 9:05:01 PM,1,20140410210501.000000-180
DARTSS002,0,True,SCCM client health check.,4/10/2014 9:05:01 PM,1,20140410210501.000000-180
DOHTSS002,0,True,SCCM client health check.,4/10/2014 9:05:01 PM,1,20140410210501.000000+180
DOHTSS050,0,True,SCCM client health check.,4/7/2014 6:05:05 AM,4,20140407060505.000000-000
DOHTSS501,Error: Server Unreachable,,,,,
DOUTSS001,0,True,SCCM client health check.,4/10/2014 9:05:01 PM,1,20140410210501.000000-300
DOUTSS002,0,True,SCCM client health check.,4/10/2014 9:05:00 PM,1,20140410210500.000000-300
EDSTSS001,0,True,SCCM client health check.,4/10/2014 9:05:00 PM,1,20140410210500.000000-240
ERHTSS002,Error: WMI Service root\cimv2 -2147023169 The remote procedure call failed and did not execute. ,,,,,
ESHTSS005,0,True,SCCM client health check.,4/10/2014 9:05:00 PM,1,20140410210500.000000+480
ESHTSS006,0,True,SCCM client health check.,4/10/2014 9:05:00 PM,1,20140410210500.000000+600
ESHTSS007,0,True,SCCM client health check.,4/10/2014 9:05:01 PM,1,20140410210501.000000+600
ESHTSS008,0,True,SCCM client health check.,4/10/2014 9:05:01 PM,1,20140410210501.000000+600
ESHTSS050,0,True,SCCM client health check.,4/6/2014 3:05:01 PM,5,20140406150501.000000-000
ESHTSS051,0,True,SCCM client health check.,4/6/2014 3:05:09 PM,5,20140406150509.000000-000
ESHTSS052,0,True,SCCM client health check.,4/6/2014 3:05:03 PM,5,20140406150503.000000-000
ESHTSS102,0,True,SCCM client health check.,4/10/2014 9:05:04 PM,1,20140410210504.000000+600
ESHTSS103,0,True,SCCM client health check.,4/10/2014 9:05:00 PM,1,20140410210500.000000+600
ESHTSS104,0,True,SCCM client health check.,4/10/2014 9:05:00 PM,1,20140410210500.000000+600
ESHTSS105,0,True,SCCM client health check.,4/6/2014 3:05:00 PM,5,20140406150500.000000-000
ESHTSS106,0,False,,,,
ESHTSS107,0,True,SCCM client health check.,4/6/2014 3:05:00 PM,5,20140406150500.000000-000
ESHTSS108,0,True,SCCM client health check.,4/6/2014 3:05:00 PM,5,20140406150500.000000-000
ESHTSS300,0,True,SCCM client health check.,4/10/2014 9:05:00 PM,1,20140410210500.000000+600
ESHTSS500,Error: WMI Service root\cimv2 -2147023174 The RPC server is unavailable. ,,,,,
ESHTSS501,Error: WMI Service root\cimv2 -2147023174 The RPC server is unavailable. ,,,,,
FAWTSS001,0,True,SCCM client health check.,4/10/2014 9:05:01 PM,1,20140410210501.000000+060
FAWTSS100,0,True,SCCM client health check.,4/10/2014 9:05:03 PM,1,20140410210503.000000+060
FAWTSS101,0,True,SCCM client health check.,4/10/2014 9:05:03 PM,1,20140410210503.000000+060
FAWTSS102,0,True,SCCM client health check.,4/10/2014 9:05:01 PM,1,20140410210501.000000+060
FEPTSS101,0,True,SCCM client health check.,4/10/2014 9:05:00 PM,1,20140410210500.000000+060
FFXTSS001,0,True,SCCM client health check.,4/10/2014 9:05:00 PM,1,20140410210500.000000-240
FFXTSS002,0,True,SCCM client health check.,4/10/2014 9:05:00 PM,1,20140410210500.000000-240
FFXTSS003,0,True,SCCM client health check.,4/10/2014 9:05:01 PM,1,20140410210501.000000-240
FFXTSS050,0,True,SCCM client health check.,4/7/2014 5:05:03 AM,4,20140407050503.000000-000
FFXTSS051,0,True,SCCM client health check.,4/7/2014 5:05:03 AM,4,20140407050503.000000-000
FFXTSS100,Error: Server Unreachable,,,,,
FFXTSS101,0,True,SCCM client health check.,4/10/2014 9:05:00 PM,1,20140410210500.000000-240
FFXTSS103,Error: Server Unreachable,,,,,
FFXTSS105,0,True,SCCM client health check.,4/10/2014 9:05:01 PM,1,20140410210501.000000-240
FFXTSS106,0,True,SCCM client health check.,4/10/2014 9:05:01 PM,1,20140410210501.000000-240
FFXTSS107,Error: Server Unreachable,,,,,
FFXTSS108,Error: Server Unreachable,,,,,
FOSTSS100,0,True,SCCM client health check.,4/10/2014 9:05:00 PM,1,20140410210500.000000+120
FRSTSS001,0,True,SCCM client health check.,4/10/2014 9:05:01 PM,1,20140410210501.000000+120
FRSTSS002,0,True,SCCM client health check.,4/10/2014 9:05:00 PM,1,20140410210500.000000+120
FRSTSS003,0,True,SCCM client health check.,4/10/2014 9:05:01 PM,1,20140410210501.000000+120
FRSTSS050,0,True,SCCM client health check.,4/6/2014 11:05:00 PM,5,20140406230500.000000-000
FRSTSS051,0,True,SCCM client health check.,4/6/2014 11:05:00 PM,5,20140406230500.000000-000
FRSTSS103,0,True,SCCM client health check.,4/10/2014 9:05:01 PM,1,20140410210501.000000+120
FRSTSS105,Error: Server Unreachable,,,,,
FRSTSS106,0,True,SCCM client health check.,4/10/2014 9:05:00 PM,1,20140410210500.000000+120
FRSTSS107,0,True,SCCM client health check.,4/10/2014 9:05:02 PM,1,20140410210502.000000+120
FRSTSS108,0,True,SCCM client health check.,4/6/2014 11:05:00 PM,5,20140406230500.000000-000
FRSTSS501,Error: WMI Service root\cimv2 -2147023174 The RPC server is unavailable. ,,,,,
GBOTSS001,Error: Server Unreachable,,,,,
GTCTSS001,0,True,SCCM client health check.,4/10/2014 9:05:00 PM,1,20140410210500.000000-360
HACTSS601,0,True,SCCM client health check.,4/7/2014 6:05:00 AM,4,20140407060500.000000-000
HACTSS602,0,True,SCCM client health check.,4/7/2014 6:05:00 AM,4,20140407060500.000000-000
HACTSS603,0,True,SCCM client health check.,4/7/2014 6:05:01 AM,4,20140407060501.000000-000
HFXTSS002,0,True,SCCM client health check.,4/10/2014 9:05:01 PM,1,20140410210501.000000-180
HHCTSS001,0,True,SCCM client health check.,4/10/2014 9:05:01 PM,1,20140410210501.000000+120
HIBTSS001,0,True,SCCM client health check.,4/10/2014 9:05:00 PM,1,20140410210500.000000-150
HIBTSS100,0,True,SCCM client health check.,4/7/2014 3:35:00 AM,4,20140407033500.000000-000
HNOTSS002,0,True,SCCM client health check.,4/10/2014 9:05:01 PM,1,20140410210501.000000+120
HNOTSS003,0,True,SCCM client health check.,4/10/2014 9:05:01 PM,1,20140410210501.000000+120
HNOTSS004,0,True,SCCM client health check.,4/10/2014 9:05:01 PM,1,20140410210501.000000+120
HNOTSS050,0,True,SCCM client health check.,4/6/2014 11:05:03 PM,5,20140406230503.000000-000
HNOTSS101,0,True,SCCM client health check.,4/10/2014 9:05:00 PM,1,20140410210500.000000+120
HNOTSS102,0,True,SCCM client health check.,4/10/2014 9:05:02 PM,1,20140410210502.000000+120
HNOTSS103,0,True,SCCM client health check.,4/10/2014 9:05:01 PM,1,20140410210501.000000+120
HNOTSS104,0,False,,,,
HNOTSS106,0,True,SCCM client health check.,4/6/2014 11:05:00 PM,5,20140406230500.000000-000
HOETSS001,0,True,SCCM client health check.,4/10/2014 9:05:01 PM,1,20140410210501.000000-300
HOETSS002,0,False,,,,
HOETSS003,0,True,SCCM client health check.,4/10/2014 9:05:01 PM,1,20140410210501.000000-300
HOETSS004,0,True,SCCM client health check.,4/10/2014 9:05:01 PM,1,20140410210501.000000-300
HOETSS005,0,True,SCCM client health check.,4/10/2014 9:05:01 PM,1,20140410210501.000000-300
HOETSS006,0,True,SCCM client health check.,4/10/2014 9:05:01 PM,1,20140410210501.000000-300
HOETSS009,0,False,,,,
HOETSS010,0,True,SCCM client health check.,4/10/2014 9:05:01 PM,1,20140410210501.000000-300
HOETSS011,0,True,SCCM client health check.,4/10/2014 9:05:01 PM,1,20140410210501.000000-300
HOETSS012,0,True,SCCM client health check.,4/10/2014 9:05:01 PM,1,20140410210501.000000-300
HOETSS014,0,False,,,,
HOETSS015,0,True,SCCM client health check.,4/10/2014 9:05:01 PM,1,20140410210501.000000-300
HOETSS016,0,True,SCCM client health check.,4/10/2014 9:05:01 PM,1,20140410210501.000000-300
HOETSS017,0,False,,,,
HOETSS018,0,True,SCCM client health check.,4/10/2014 9:05:01 PM,1,20140410210501.000000-300
HOETSS020,0,True,SCCM client health check.,4/10/2014 9:05:00 PM,1,20140410210500.000000-300
HOETSS021,Error: Event Viewer -2147221164 Class not registered ,,,,,
HOETSS022,0,True,SCCM client health check.,4/10/2014 9:05:02 PM,1,20140410210502.000000-300
HOETSS023,0,True,SCCM client health check.,4/10/2014 9:05:02 PM,1,20140410210502.000000-300
HOETSS024,0,True,SCCM client health check.,4/10/2014 9:05:01 PM,1,20140410210501.000000-300
HOETSS025,0,True,SCCM client health check.,4/10/2014 9:05:02 PM,1,20140410210502.000000-300
HOETSS026,0,True,SCCM client health check.,4/10/2014 9:05:00 PM,1,20140410210500.000000-300
HOETSS027,0,True,SCCM client health check.,4/10/2014 9:05:01 PM,1,20140410210501.000000-300
HOETSS028,0,True,SCCM client health check.,4/10/2014 9:05:01 PM,1,20140410210501.000000-300
HOETSS050,0,False,,,,
HOETSS051,0,True,SCCM client health check.,4/7/2014 6:05:02 AM,4,20140407060502.000000-000
HOETSS052,0,True,SCCM client health check.,4/7/2014 6:05:05 AM,4,20140407060505.000000-000
HOETSS053,0,True,SCCM client health check.,4/7/2014 6:05:03 AM,4,20140407060503.000000-000
HOETSS054,0,True,SCCM client health check.,4/7/2014 6:05:03 AM,4,20140407060503.000000-000
HOETSS055,0,True,SCCM client health check.,4/7/2014 6:05:03 AM,4,20140407060503.000000-000
HOETSS056,0,True,SCCM client health check.,4/7/2014 6:05:02 AM,4,20140407060502.000000-000
HOETSS057,0,True,SCCM client health check.,4/7/2014 6:05:04 AM,4,20140407060504.000000-000
HOETSS100,0,True,SCCM client health check.,4/10/2014 9:05:01 PM,1,20140410210501.000000-300
HOETSS101,0,True,SCCM client health check.,4/10/2014 9:05:01 PM,1,20140410210501.000000-300
HOETSS102,0,True,SCCM client health check.,4/10/2014 9:05:00 PM,1,20140410210500.000000-300
HOETSS103,Error: Server Unreachable,,,,,
HOETSS104,0,True,SCCM client health check.,4/10/2014 9:05:01 PM,1,20140410210501.000000-300
HOETSS105,0,True,SCCM client health check.,4/7/2014 6:05:02 AM,4,20140407060502.000000-000
HOETSS106,0,True,SCCM client health check.,4/7/2014 6:05:02 AM,4,20140407060502.000000-000
HOETSS107,0,True,SCCM client health check.,4/10/2014 9:05:02 PM,1,20140410210502.000000-300
HOETSS108,0,True,SCCM client health check.,4/10/2014 9:05:01 PM,1,20140410210501.000000-300
HOETSS109,0,True,SCCM client health check.,4/10/2014 9:05:02 PM,1,20140410210502.000000-300
HOETSS110,0,True,SCCM client health check.,4/10/2014 9:05:01 PM,1,20140410210501.000000-300
HOETSS111,0,False,,,,
HOETSS112,0,True,SCCM client health check.,4/7/2014 6:05:00 AM,4,20140407060500.000000-000
HOETSS113,0,True,SCCM client health check.,4/10/2014 9:05:01 PM,1,20140410210501.000000-300
HOETSS114,0,True,SCCM client health check.,4/10/2014 9:05:01 PM,1,20140410210501.000000-300
HOETSS115,0,True,SCCM client health check.,4/10/2014 9:05:01 PM,1,20140410210501.000000-300
HOETSS118,0,True,SCCM client health check.,4/10/2014 9:05:01 PM,1,20140410210501.000000-300
HOETSS119,0,False,,,,
HOETSS120,0,True,SCCM client health check.,4/7/2014 6:05:03 AM,4,20140407060503.000000-000
HOETSS121,0,True,SCCM client health check.,4/10/2014 9:05:01 PM,1,20140410210501.000000-300
HOETSS122,0,True,SCCM client health check.,4/10/2014 9:05:01 PM,1,20140410210501.000000-300
HOETSS123,0,True,SCCM client health check.,4/10/2014 9:05:01 PM,1,20140410210501.000000-300
HOETSS124,0,True,SCCM client health check.,4/10/2014 9:05:01 PM,1,20140410210501.000000-300
HOETSS125,0,True,SCCM client health check.,4/10/2014 9:05:01 PM,1,20140410210501.000000-300
HOETSS126,0,True,SCCM client health check.,4/10/2014 9:05:01 PM,1,20140410210501.000000-300
HOETSS127,0,True,SCCM client health check.,4/10/2014 9:05:00 PM,1,20140410210500.000000-300
HOETSS128,0,True,SCCM client health check.,4/10/2014 9:05:00 PM,1,20140410210500.000000-300
HOETSS129,0,True,SCCM client health check.,4/10/2014 9:05:01 PM,1,20140410210501.000000-300
HOETSS130,0,True,SCCM client health check.,4/10/2014 9:05:00 PM,1,20140410210500.000000-300
HOETSS131,0,True,SCCM client health check.,4/7/2014 6:05:02 AM,4,20140407060502.000000-000
HOETSS132,0,True,SCCM client health check.,4/10/2014 9:05:01 PM,1,20140410210501.000000-300
HOETSS133,0,True,SCCM client health check.,4/10/2014 9:05:01 PM,1,20140410210501.000000-300
HOETSS134,0,False,,,,
HOETSS135,Error: Server Unreachable,,,,,
HOETSS136,0,True,SCCM client health check.,4/10/2014 9:05:00 PM,1,20140410210500.000000-300
HOETSS140,0,True,SCCM client health check.,4/10/2014 9:05:01 PM,1,20140410210501.000000-300
HOETSS141,0,True,SCCM client health check.,4/10/2014 9:05:01 PM,1,20140410210501.000000-300
HOETSS142,0,True,SCCM client health check.,4/7/2014 6:11:10 AM,4,20140407061110.000000-000
HOETSS143,0,True,SCCM client health check.,4/7/2014 6:05:00 AM,4,20140407060500.000000-000
HOETSS144,0,True,SCCM client health check.,4/7/2014 6:05:00 AM,4,20140407060500.000000-000
HOETSS145,0,True,SCCM client health check.,4/10/2014 6:58:52 PM,1,20140410185852.000000-300
HOETSS147,0,True,SCCM client health check.,4/10/2014 9:05:01 PM,1,20140410210501.000000-300
HOETSS148,Error: WMI Service root\cimv2 -2147024891 Access is denied. ,,,,,
HOETSS152,Error: Server Unreachable,,,,,
HOETSS153,0,True,SCCM client health check.,4/7/2014 6:05:02 AM,4,20140407060502.000000-000
HOETSS154,0,True,SCCM client health check.,4/7/2014 6:05:01 AM,4,20140407060501.000000-000
HOETSS155,0,True,SCCM client health check.,4/7/2014 6:05:01 AM,4,20140407060501.000000-000
HOETSS156,0,True,SCCM client health check.,4/10/2014 9:05:02 PM,1,20140410210502.000000-300
HOETSS157,0,True,SCCM client health check.,4/7/2014 6:05:02 AM,4,20140407060502.000000-000
HOETSS158,0,True,SCCM client health check.,4/10/2014 9:05:01 PM,1,20140410210501.000000+120
HOETSS159,0,True,SCCM client health check.,4/10/2014 9:05:01 PM,1,20140410210501.000000-300
HOETSS160,0,True,SCCM client health check.,4/10/2014 9:05:01 PM,1,20140410210501.000000-300
HOETSS161,0,True,SCCM client health check.,4/7/2014 6:05:02 AM,4,20140407060502.000000-000
HOETSS164,0,True,SCCM client health check.,4/10/2014 9:05:00 PM,1,20140410210500.000000-300
HOETSS165,0,True,SCCM client health check.,4/10/2014 9:05:00 PM,1,20140410210500.000000-240
HOETSS166,0,True,SCCM client health check.,4/10/2014 9:05:00 PM,1,20140410210500.000000-300
HOETSS167,0,True,SCCM client health check.,4/10/2014 9:05:01 PM,1,20140410210501.000000-300
HOETSS168,Error: Server Unreachable,,,,,
HOETSS169,0,True,SCCM client health check.,4/10/2014 9:05:01 PM,1,20140410210501.000000-300
HOETSS171,0,True,SCCM client health check.,4/10/2014 9:05:00 PM,1,20140410210500.000000-300
HOETSS172,0,False,,,,
HOETSS173,0,True,SCCM client health check.,4/10/2014 9:05:00 PM,1,20140410210500.000000-300
HOETSS174,0,True,SCCM client health check.,4/10/2014 9:05:00 PM,1,20140410210500.000000-300
HOETSS175,0,True,SCCM client health check.,4/10/2014 9:05:00 PM,1,20140410210500.000000-300
HOETSS176,Error: Server Unreachable,,,,,
HOETSS177,0,True,SCCM client health check.,4/10/2014 9:05:00 PM,1,20140410210500.000000-300
HOETSS178,0,True,SCCM client health check.,4/10/2014 9:05:00 PM,1,20140410210500.000000-300
HOETSS179,0,True,SCCM client health check.,4/10/2014 9:05:00 PM,1,20140410210500.000000+060
HOETSS180,0,True,SCCM client health check.,4/10/2014 9:05:01 PM,1,20140410210501.000000-300
HOETSS181,0,True,SCCM client health check.,4/10/2014 9:05:00 PM,1,20140410210500.000000-300
HOETSS182,0,True,SCCM client health check.,4/10/2014 9:05:01 PM,1,20140410210501.000000-300
HOETSS183,0,True,SCCM client health check.,4/10/2014 9:05:01 PM,1,20140410210501.000000-300
HOETSS184,0,True,SCCM client health check.,4/10/2014 9:05:00 PM,1,20140410210500.000000-300
HOETSS190,0,True,SCCM client health check.,4/10/2014 9:05:01 PM,1,20140410210501.000000-300
HOETSS192,0,True,SCCM client health check.,4/10/2014 9:05:00 PM,1,20140410210500.000000-300
HOETSS193,0,True,SCCM client health check.,4/10/2014 9:05:00 PM,1,20140410210500.000000-300
HOETSS194,0,True,SCCM client health check.,4/10/2014 9:05:00 PM,1,20140410210500.000000-300
HOETSS195,0,True,SCCM client health check.,4/10/2014 9:05:01 PM,1,20140410210501.000000-300
HOETSS196,0,True,SCCM client health check.,4/10/2014 9:05:01 PM,1,20140410210501.000000-300
HOETSS197,0,True,SCCM client health check.,4/10/2014 9:05:01 PM,1,20140410210501.000000-300
HOETSS198,0,False,,,,
HOETSS199,0,True,SCCM client health check.,4/7/2014 6:05:01 AM,4,20140407060501.000000-000
HOETSS200,0,True,SCCM client health check.,4/10/2014 9:05:01 PM,1,20140410210501.000000-300
HOETSS201,0,True,SCCM client health check.,4/10/2014 9:05:02 PM,1,20140410210502.000000-300
HOETSS202,0,True,SCCM client health check.,4/10/2014 9:05:01 PM,1,20140410210501.000000-300
HOETSS203,0,False,,,,
HOETSS204,0,True,SCCM client health check.,4/7/2014 6:05:01 AM,4,20140407060501.000000-000
HOETSS205,0,True,SCCM client health check.,4/7/2014 6:05:05 AM,4,20140407060505.000000-000
HOETSS208,0,True,SCCM client health check.,4/7/2014 6:05:05 AM,4,20140407060505.000000-000
HOETSS209,0,True,SCCM client health check.,4/7/2014 6:05:00 AM,4,20140407060500.000000-000
HOETSS210,0,True,SCCM client health check.,4/10/2014 6:02:36 AM,1,20140410060236.000000-000
HOETSS211,0,True,SCCM client health check.,4/7/2014 6:05:02 AM,4,20140407060502.000000-000
HOETSS212,0,True,SCCM client health check.,4/7/2014 6:05:03 AM,4,20140407060503.000000-000
HOETSS213,0,True,SCCM client health check.,4/7/2014 6:05:00 AM,4,20140407060500.000000-000
HOETSS214,0,True,SCCM client health check.,4/10/2014 9:05:02 PM,1,20140410210502.000000-300
HOETSS215,0,True,SCCM client health check.,4/7/2014 6:05:02 AM,4,20140407060502.000000-000
HOETSS216,0,True,SCCM client health check.,4/7/2014 6:05:02 AM,4,20140407060502.000000-000
HOETSS217,0,True,SCCM client health check.,4/7/2014 6:05:04 AM,4,20140407060504.000000-000
HOETSS218,0,True,SCCM client health check.,4/7/2014 6:05:01 AM,4,20140407060501.000000-000
HOETSS219,0,True,SCCM client health check.,4/7/2014 6:05:01 AM,4,20140407060501.000000-000
HOETSS224,0,True,SCCM client health check.,4/7/2014 6:05:02 AM,4,20140407060502.000000-000
HOETSS225,0,True,SCCM client health check.,4/7/2014 6:05:02 AM,4,20140407060502.000000-000
HOETSS226,0,True,SCCM client health check.,4/7/2014 6:05:01 AM,4,20140407060501.000000-000
HOETSS227,0,True,SCCM client health check.,4/7/2014 6:05:01 AM,4,20140407060501.000000-000
HOETSS228,0,True,SCCM client health check.,4/7/2014 6:05:02 AM,4,20140407060502.000000-000
HOETSS229,0,True,SCCM client health check.,4/7/2014 6:05:02 AM,4,20140407060502.000000-000
HOETSS231,0,True,SCCM client health check.,4/7/2014 6:05:02 AM,4,20140407060502.000000-000
HOETSS232,0,True,SCCM client health check.,4/7/2014 6:05:02 AM,4,20140407060502.000000-000
HOETSS233,0,True,SCCM client health check.,4/7/2014 6:05:01 AM,4,20140407060501.000000-000
HOETSS234,0,True,SCCM client health check.,4/7/2014 6:05:02 AM,4,20140407060502.000000-000
HOETSS240,0,True,SCCM client health check.,4/7/2014 6:05:02 AM,4,20140407060502.000000-000
HOETSS241,0,True,SCCM client health check.,4/7/2014 6:05:00 AM,4,20140407060500.000000-000
HOETSS242,0,True,SCCM client health check.,4/7/2014 6:05:04 AM,4,20140407060504.000000-000
HOETSS243,0,True,SCCM client health check.,4/7/2014 6:05:00 AM,4,20140407060500.000000-000
HOETSS244,0,True,SCCM client health check.,4/7/2014 6:05:00 AM,4,20140407060500.000000-000
HOETSS400,0,True,SCCM client health check.,4/10/2014 9:05:00 PM,1,20140410210500.000000-300
HOETSS450,0,True,SCCM client health check.,4/7/2014 6:05:03 AM,4,20140407060503.000000-000
HOETSS499,0,True,SCCM client health check.,4/7/2014 6:05:04 AM,4,20140407060504.000000-000
HOETSS601,0,True,SCCM client health check.,4/10/2014 9:05:00 PM,1,20140410210500.000000-300
HOETSS602,0,True,SCCM client health check.,4/7/2014 6:05:00 AM,4,20140407060500.000000-000
HOETSS620,Error: WMI Service root\cimv2 -2147023071 A security package specific error occurred. ,,,,,
HOETSS621,Error: WMI Service root\cimv2 -2147023071 A security package specific error occurred. ,,,,,
HOETSS650,0,True,SCCM client health check.,4/7/2014 6:05:01 AM,4,20140407060501.000000-000
HOETSS651,0,True,SCCM client health check.,4/7/2014 6:05:01 AM,4,20140407060501.000000-000
HOETSS652,0,True,SCCM client health check.,4/7/2014 6:05:00 AM,4,20140407060500.000000-000
HOETSS653,0,True,SCCM client health check.,4/7/2014 6:05:04 AM,4,20140407060504.000000-000
HOETSS655,0,True,SCCM client health check.,4/7/2014 6:05:00 AM,4,20140407060500.000000-000
HOETSS656,0,True,SCCM client health check.,4/7/2014 6:05:01 AM,4,20140407060501.000000-000
HOETSS657,0,True,SCCM client health check.,4/7/2014 6:05:01 AM,4,20140407060501.000000-000
HOETSS658,0,True,SCCM client health check.,4/7/2014 6:05:02 AM,4,20140407060502.000000-000
HOETSS659,0,True,SCCM client health check.,4/7/2014 6:05:00 AM,4,20140407060500.000000-000
HOETSS660,0,True,SCCM client health check.,4/7/2014 6:05:01 AM,4,20140407060501.000000-000
HOETSS661,0,True,SCCM client health check.,4/7/2014 6:05:03 AM,4,20140407060503.000000-000
HOETSS662,0,True,SCCM client health check.,4/7/2014 6:06:23 AM,4,20140407060623.000000-000
HOETSS663,0,True,SCCM client health check.,4/7/2014 6:05:01 AM,4,20140407060501.000000-000
HOETSS700,Error: WMI Service root\cimv2 -2147024891 Access is denied. ,,,,,
HOETSS701,0,True,SCCM client health check.,4/7/2014 6:05:00 AM,4,20140407060500.000000-000
HOETSS702,0,True,SCCM client health check.,4/7/2014 6:05:01 AM,4,20140407060501.000000-000
HOETSS703,0,True,SCCM client health check.,4/7/2014 6:05:00 AM,4,20140407060500.000000-000
HOETSS704,Error: WMI Service root\cimv2 -2147024891 Access is denied. ,,,,,
HOETSS705,0,True,SCCM client health check.,4/10/2014 9:05:00 PM,1,20140410210500.000000-300
HOETSS706,0,True,SCCM client health check.,4/7/2014 6:05:03 AM,4,20140407060503.000000-000
HOETSSPQSU01,0,False,,,,
HRITSS001,0,True,SCCM client health check.,4/10/2014 9:05:00 PM,1,20140410210500.000000+420
HRITSS100,Error: Server Unreachable,,,,,
HRITSS102,Error: Server Unreachable,,,,,
IRSTSS001,0,True,SCCM client health check.,4/10/2014 9:05:00 PM,1,20140410210500.000000+240
IRSTSS002,0,True,SCCM client health check.,4/10/2014 9:05:00 PM,1,20140410210500.000000+240
IRSTSS003,0,True,SCCM client health check.,4/10/2014 9:05:00 PM,1,20140410210500.000000+240
IRSTSS050,0,True,SCCM client health check.,4/6/2014 9:05:06 PM,5,20140406210506.000000-000
JAKTSS001,0,True,SCCM client health check.,4/10/2014 9:05:01 PM,1,20140410210501.000000+420
JAKTSS002,0,True,SCCM client health check.,4/10/2014 9:05:01 PM,1,20140410210501.000000+420
JAKTSS050,0,True,SCCM client health check.,4/6/2014 6:05:00 PM,5,20140406180500.000000-000
JAKTSS051,0,True,SCCM client health check.,4/6/2014 6:05:01 PM,5,20140406180501.000000-000
JAKTSS052,0,True,SCCM client health check.,4/6/2014 6:05:00 PM,5,20140406180500.000000-000
JAKTSS053,0,True,SCCM client health check.,4/6/2014 6:05:00 PM,5,20140406180500.000000-000
JAKTSS102,0,True,SCCM client health check.,4/10/2014 9:05:01 PM,1,20140410210501.000000+420
JAKTSS103,0,True,SCCM client health check.,4/10/2014 9:05:00 PM,1,20140410210500.000000+420
JAKTSS104,0,True,SCCM client health check.,4/6/2014 6:05:00 PM,5,20140406180500.000000-000
JAKTSS300,0,True,SCCM client health check.,4/10/2014 9:05:02 PM,1,20140410210502.000000+420
JNZTSS002,0,True,SCCM client health check.,4/10/2014 9:05:03 PM,1,20140410210503.000000+480
JOLTSS001,0,True,SCCM client health check.,4/10/2014 9:05:01 PM,1,20140410210501.000000-300
JOLTSS100,0,True,SCCM client health check.,4/10/2014 9:05:02 PM,1,20140410210502.000000-300
JOLTSS102,0,True,SCCM client health check.,4/10/2014 9:05:00 PM,1,20140410210500.000000-300
KMETSS002,0,True,SCCM client health check.,4/10/2014 9:05:01 PM,1,20140410210501.000000+060
KMETSS050,0,True,SCCM client health check.,4/7/2014 12:05:01 AM,4,20140407000501.000000-000
KRKTSS001,Error: Server Unreachable,,,,,
KRLTSS050,0,True,SCCM client health check.,4/7/2014 6:05:00 AM,4,20140407060500.000000-000
KRLTSS051,0,True,SCCM client health check.,4/7/2014 6:05:00 AM,4,20140407060500.000000-000
KULTSS001,0,True,SCCM client health check.,4/10/2014 9:05:01 PM,1,20140410210501.000000+480
KULTSS002,0,True,SCCM client health check.,4/10/2014 9:05:01 PM,1,20140410210501.000000+480
KULTSS003,0,True,SCCM client health check.,4/10/2014 9:05:02 PM,1,20140410210502.000000-300
KULTSS004,0,True,SCCM client health check.,4/10/2014 9:05:01 PM,1,20140410210501.000000+480
KULTSS050,0,True,SCCM client health check.,4/6/2014 5:05:03 PM,5,20140406170503.000000-000
KULTSS051,0,True,SCCM client health check.,4/6/2014 5:05:02 PM,5,20140406170502.000000-000
KULTSS052,0,True,SCCM client health check.,4/6/2014 5:05:01 PM,5,20140406170501.000000-000
KULTSS101,0,True,SCCM client health check.,4/10/2014 9:05:04 PM,1,20140410210504.000000+480
KULTSS102,0,True,SCCM client health check.,4/10/2014 9:05:01 PM,1,20140410210501.000000+480
KULTSS104,0,True,SCCM client health check.,4/10/2014 9:05:01 PM,1,20140410210501.000000+480
KULTSS106,0,True,SCCM client health check.,4/10/2014 9:05:02 PM,1,20140410210502.000000+480
KULTSS107,0,True,SCCM client health check.,4/10/2014 9:05:01 PM,1,20140410210501.000000+480
KULTSS150,0,True,SCCM client health check.,4/6/2014 5:05:04 PM,5,20140406170504.000000-000
KULTSS350,0,True,SCCM client health check.,4/6/2014 5:05:00 PM,5,20140406170500.000000-000
KULTSS400,0,True,SCCM client health check.,4/10/2014 9:05:00 PM,1,20140410210500.000000+480
KULTSS499,0,True,SCCM client health check.,4/6/2014 5:05:00 PM,5,20140406170500.000000-000
KULTSS600,0,False,,,,
KULXMETSS001,0,True,SCCM client health check.,4/10/2014 9:05:01 PM,1,20140410210501.000000-300
KULXMETSS003,0,True,SCCM client health check.,4/10/2014 9:05:00 PM,1,20140410210500.000000-300
KWATSS001,0,True,SCCM client health check.,4/10/2014 9:05:01 PM,1,20140410210501.000000+060
KZATSS002,0,True,SCCM client health check.,4/10/2014 9:05:01 PM,1,20140410210501.000000+060
KZBTSS002,0,True,SCCM client health check.,4/10/2014 9:05:00 PM,1,20140410210500.000000+060
LAGTSS004,0,True,SCCM client health check.,4/10/2014 9:05:02 PM,1,20140410210502.000000+060
LAGTSS005,0,True,SCCM client health check.,4/10/2014 9:05:01 PM,1,20140410210501.000000+060
LAGTSS006,0,True,SCCM client health check.,4/10/2014 9:05:01 PM,1,20140410210501.000000+060
LAGTSS050,0,True,SCCM client health check.,4/7/2014 12:05:02 AM,4,20140407000502.000000-000
LAGTSS051,0,True,SCCM client health check.,4/7/2014 12:05:04 AM,4,20140407000504.000000-000
LAGTSS102,0,True,SCCM client health check.,4/7/2014 12:05:00 AM,4,20140407000500.000000-000
LAGTSS103,0,True,SCCM client health check.,4/10/2014 9:05:01 PM,1,20140410210501.000000+060
LAGTSS300,0,True,SCCM client health check.,4/10/2014 9:05:01 PM,1,20140410210501.000000+060
LDNTSS001,0,True,SCCM client health check.,4/10/2014 9:05:01 PM,1,20140410210501.000000+060
LDNTSS003,0,True,SCCM client health check.,4/10/2014 9:05:00 PM,1,20140410210500.000000+060
LDNTSS004,0,True,SCCM client health check.,4/10/2014 9:05:01 PM,1,20140410210501.000000+060
LDNTSS050,0,True,SCCM client health check.,4/7/2014 12:05:03 AM,4,20140407000503.000000-000
LDNTSS051,0,True,SCCM client health check.,4/7/2014 12:05:03 AM,4,20140407000503.000000-000
LDNTSS052,0,True,SCCM client health check.,4/7/2014 12:05:02 AM,4,20140407000502.000000-000
LDNTSS100,0,True,SCCM client health check.,4/7/2014 12:05:00 AM,4,20140407000500.000000-000
LDNTSS101,0,True,SCCM client health check.,4/7/2014 12:05:03 AM,4,20140407000503.000000-000
LDNTSS102,0,True,SCCM client health check.,4/7/2014 6:05:00 AM,4,20140407060500.000000-000
LDNTSS103,0,True,SCCM client health check.,4/10/2014 9:05:00 PM,1,20140410210500.000000+060
LDNTSS104,0,True,SCCM client health check.,4/10/2014 9:05:00 PM,1,20140410210500.000000+060
LDNTSS105,0,True,SCCM client health check.,4/10/2014 9:05:00 PM,1,20140410210500.000000+060
LFDTSS004,0,True,SCCM client health check.,4/10/2014 9:05:01 PM,1,20140410210501.000000+600
LFDTSS005,0,True,SCCM client health check.,4/10/2014 9:05:02 PM,1,20140410210502.000000+600
LFDTSS006,0,True,SCCM client health check.,4/10/2014 9:05:01 PM,1,20140410210501.000000+600
LFDTSS050,0,True,SCCM client health check.,4/6/2014 3:05:03 PM,5,20140406150503.000000-000
LGRTSS001,Error: Server Unreachable,,,,,
LHDTSS001,0,True,SCCM client health check.,4/10/2014 9:05:01 PM,1,20140410210501.000000+060
LHDTSS002,0,True,SCCM client health check.,4/10/2014 9:05:00 PM,1,20140410210500.000000+060
LHDTSS004,0,True,SCCM client health check.,4/10/2014 9:05:00 PM,1,20140410210500.000000+060
LHDTSS050,0,True,SCCM client health check.,4/7/2014 12:05:03 AM,4,20140407000503.000000-000
LHDTSS051,0,True,SCCM client health check.,4/7/2014 12:05:01 AM,4,20140407000501.000000-000
LHDTSS100,0,True,SCCM client health check.,4/7/2014 12:05:00 AM,4,20140407000500.000000-000
LHDTSS101,0,True,SCCM client health check.,4/7/2014 12:05:00 AM,4,20140407000500.000000-000
LHDTSS201,Error: Server Unreachable,,,,,
LHDTSS202,0,True,SCCM client health check.,4/7/2014 6:05:01 AM,4,20140407060501.000000-000
LHDTSS203,0,True,SCCM client health check.,4/7/2014 12:05:00 AM,4,20140407000500.000000-000
LHDTSS204,0,True,SCCM client health check.,4/7/2014 12:05:00 AM,4,20140407000500.000000-000
LHDTSS205,0,True,SCCM client health check.,4/10/2014 9:05:00 PM,1,20140410210500.000000-300
LHDTSS300,0,True,SCCM client health check.,4/10/2014 9:05:25 PM,1,20140410210525.000000+060
LHDTSS350,0,True,SCCM client health check.,4/7/2014 6:05:02 AM,4,20140407060502.000000-000
LHDTSS400,0,True,SCCM client health check.,4/10/2014 9:05:01 PM,1,20140410210501.000000+060
LHDTSS600,0,True,SCCM client health check.,4/10/2014 9:05:01 PM,1,20140410210501.000000+060
LHDTSS601,0,True,SCCM client health check.,4/10/2014 9:05:01 PM,1,20140410210501.000000+060
LHDTSS602,0,True,SCCM client health check.,4/10/2014 9:05:01 PM,1,20140410210501.000000+060
LSKTSS001,0,True,SCCM client health check.,4/10/2014 9:05:00 PM,1,20140410210500.000000+420
LSKTSS002,0,True,SCCM client health check.,4/10/2014 9:05:01 PM,1,20140410210501.000000+420
LSKTSS100,0,True,SCCM client health check.,4/10/2014 9:05:01 PM,1,20140410210501.000000+420
LSKTSS103,0,True,SCCM client health check.,4/10/2014 9:05:00 PM,1,20140410210500.000000+420
LSKTSS104,0,True,SCCM client health check.,4/10/2014 9:05:01 PM,1,20140410210501.000000+420
LSKTSS105,0,True,SCCM client health check.,4/10/2014 9:05:01 PM,1,20140410210501.000000+420
LUATSS001,0,True,SCCM client health check.,4/10/2014 9:05:01 PM,1,20140410210501.000000+060
LUATSS003,0,True,SCCM client health check.,4/10/2014 9:05:00 PM,1,20140410210500.000000+060
LUATSS050,0,True,SCCM client health check.,4/7/2014 12:05:00 AM,4,20140407000500.000000-000
LUATSS100,0,True,SCCM client health check.,4/10/2014 9:05:01 PM,1,20140410210501.000000+060
LUATSS101,0,True,SCCM client health check.,4/7/2014 6:05:00 AM,4,20140407060500.000000-000
LUATSS300,0,True,SCCM client health check.,4/10/2014 9:05:01 PM,1,20140410210501.000000+060
LUXTSS001,Error: Server Unreachable,,,,,
MACTSS004,0,True,SCCM client health check.,4/10/2014 9:05:00 PM,1,20140410210500.000000+120
MACTSS005,0,True,SCCM client health check.,4/10/2014 9:05:01 PM,1,20140410210501.000000+120
MACTSS006,0,True,SCCM client health check.,4/10/2014 9:05:00 PM,1,20140410210500.000000+120
MACTSS050,0,True,SCCM client health check.,4/7/2014 6:05:00 AM,4,20140407060500.000000-000
MACTSS051,0,True,SCCM client health check.,4/6/2014 11:05:00 PM,5,20140406230500.000000-000
MACTSS052,0,True,SCCM client health check.,4/7/2014 6:05:00 AM,4,20140407060500.000000-000
MACTSS100,0,True,SCCM client health check.,4/6/2014 11:05:00 PM,5,20140406230500.000000-000
MELTSS001,0,True,SCCM client health check.,4/10/2014 9:05:01 PM,1,20140410210501.000000+600
MELTSS002,0,True,SCCM client health check.,4/10/2014 9:05:01 PM,1,20140410210501.000000+600
MELTSS007,0,True,SCCM client health check.,4/10/2014 9:05:00 PM,1,20140410210500.000000+600
MELTSS050,0,True,SCCM client health check.,4/6/2014 3:05:03 PM,5,20140406150503.000000-000
MELTSS051,0,True,SCCM client health check.,4/6/2014 3:05:03 PM,5,20140406150503.000000-000
MELTSS100,0,True,SCCM client health check.,4/10/2014 9:05:00 PM,1,20140410210500.000000+600
MELTSS101,0,True,SCCM client health check.,4/10/2014 9:05:01 PM,1,20140410210501.000000+600
MKLTSS001,0,True,SCCM client health check.,4/10/2014 9:05:00 PM,1,20140410210500.000000+480
MKLTSS002,0,True,SCCM client health check.,4/10/2014 9:05:01 PM,1,20140410210501.000000+480
MKLTSS003,0,True,SCCM client health check.,4/10/2014 9:05:03 PM,1,20140410210503.000000+480
MKLTSS004,0,True,SCCM client health check.,4/10/2014 9:05:01 PM,1,20140410210501.000000+480
MKLTSS008,0,True,SCCM client health check.,4/10/2014 9:05:01 PM,1,20140410210501.000000+480
MKLTSS009,0,True,SCCM client health check.,4/10/2014 9:05:00 PM,1,20140410210500.000000+480
MKLTSS010,Error: Server Unreachable,,,,,
MKLTSS050,0,True,SCCM client health check.,4/6/2014 5:05:01 PM,5,20140406170501.000000-000
MKLTSS051,0,True,SCCM client health check.,4/6/2014 5:05:01 PM,5,20140406170501.000000-000
MKLTSS052,0,True,SCCM client health check.,4/6/2014 5:05:00 PM,5,20140406170500.000000-000
MKLTSS053,0,True,SCCM client health check.,4/6/2014 5:05:02 PM,5,20140406170502.000000-000
MKLTSS100,0,True,SCCM client health check.,4/6/2014 5:05:00 PM,5,20140406170500.000000-000
MKLTSS300,0,True,SCCM client health check.,4/10/2014 9:05:01 PM,1,20140410210501.000000+480
MLBTSS002,0,True,SCCM client health check.,4/10/2014 9:05:00 PM,1,20140410210500.000000+060
MLBTSS003,0,True,SCCM client health check.,4/10/2014 9:05:00 PM,1,20140410210500.000000+060
MPPTSS100,0,True,SCCM client health check.,4/10/2014 9:05:00 PM,1,20140410210500.000000+060
MPPTSS101,0,True,SCCM client health check.,4/10/2014 9:05:00 PM,1,20140410210500.000000+120
MSWTSS001,0,True,SCCM client health check.,4/10/2014 9:05:01 PM,1,20140410210501.000000+240
MSWTSS050,0,True,SCCM client health check.,4/6/2014 9:05:00 PM,5,20140406210500.000000-000
MXCTSS001,0,True,SCCM client health check.,4/10/2014 9:05:01 PM,1,20140410210501.000000-300
NANTSS001,0,True,SCCM client health check.,4/10/2014 9:05:03 PM,1,20140410210503.000000-240
NANTSS100,0,True,SCCM client health check.,4/10/2014 9:05:00 PM,1,20140410210500.000000-300
NDGTSS001,0,True,SCCM client health check.,4/10/2014 9:05:00 PM,1,20140410210500.000000+120
NDGTSS100,0,True,SCCM client health check.,4/10/2014 9:05:01 PM,1,20140410210501.000000+120
NDGTSS101,0,True,SCCM client health check.,4/10/2014 9:05:01 PM,1,20140410210501.000000+120
NDGTSS102,0,True,SCCM client health check.,4/10/2014 9:05:01 PM,1,20140410210501.000000+120
NDGTSS103,0,True,SCCM client health check.,4/11/2014 1:15:49 AM,0,20140411011549.000000+120
NDGTSS106,0,True,SCCM client health check.,4/10/2014 9:05:00 PM,1,20140410210500.000000+120
NDGTSS107,0,True,SCCM client health check.,4/10/2014 9:05:00 PM,1,20140410210500.000000+120
NDJTSS001,0,True,SCCM client health check.,4/10/2014 9:05:01 PM,1,20140410210501.000000+060
OSLTSS001,0,True,SCCM client health check.,4/10/2014 9:05:01 PM,1,20140410210501.000000+120
PARTSS002,0,True,SCCM client health check.,4/10/2014 9:05:01 PM,1,20140410210501.000000+120
PAUTSS002,0,True,SCCM client health check.,4/10/2014 9:05:01 PM,1,20140410210501.000000-240
PCHTSS050,Error: Server Unreachable,,,,,
PDRTSS101,Error: Server Unreachable,,,,,
POUTSS002,0,True,SCCM client health check.,4/10/2014 9:05:01 PM,1,20140410210501.000000+600
POUTSS003,0,True,SCCM client health check.,4/10/2014 9:05:01 PM,1,20140410210501.000000+600
POUTSS050,0,True,SCCM client health check.,4/6/2014 3:05:00 PM,5,20140406150500.000000-000
PRGTSS001,0,True,SCCM client health check.,4/10/2014 9:05:01 PM,1,20140410210501.000000+120
PRGTSS100,0,True,SCCM client health check.,4/10/2014 9:05:01 PM,1,20140410210501.000000+120
QHLTSS101,0,True,SCCM client health check.,4/10/2014 9:05:01 PM,1,20140410210501.000000+420
QITTSS004,0,True,SCCM client health check.,4/10/2014 9:05:00 PM,1,20140410210500.000000+060
QITTSS005,0,True,SCCM client health check.,4/10/2014 9:05:00 PM,1,20140410210500.000000+060
QITTSS006,0,True,SCCM client health check.,4/10/2014 9:05:00 PM,1,20140410210500.000000+060
QITTSS007,0,True,SCCM client health check.,4/10/2014 9:05:01 PM,1,20140410210501.000000+060
QOATSS001,0,True,SCCM client health check.,4/10/2014 9:05:01 PM,1,20140410210501.000000+600
QOATSS002,0,True,SCCM client health check.,4/10/2014 9:05:00 PM,1,20140410210500.000000+600
QOATSS003,0,True,SCCM client health check.,4/10/2014 9:05:01 PM,1,20140410210501.000000+600
QOATSS004,0,True,SCCM client health check.,4/10/2014 9:05:03 PM,1,20140410210503.000000+600
ROMTSS001,0,True,SCCM client health check.,4/10/2014 9:05:00 PM,1,20140410210500.000000+120
ROTTSS001,0,False,,,,
ROTTSS100,Error: WMI Service root\cimv2 -2147221164 Class not registered ,,,,,
ROTTSS101,0,True,SCCM client health check.,4/10/2014 9:05:00 PM,1,20140410210500.000000+120
ROTTSS102,0,True,SCCM client health check.,4/10/2014 9:05:01 PM,1,20140410210501.000000+120
RYDTSS002,0,True,SCCM client health check.,4/10/2014 9:05:01 PM,1,20140410210501.000000+180
SARTSS100,0,True,SCCM client health check.,4/10/2014 9:05:03 PM,1,20140410210503.000000-240
SARTSS101,0,True,SCCM client health check.,4/10/2014 9:05:01 PM,1,20140410210501.000000-300
SARTSS102,0,True,SCCM client health check.,4/10/2014 9:05:00 PM,1,20140410210500.000000-300
SARTSS103,0,True,SCCM client health check.,4/10/2014 9:05:00 PM,1,20140410210500.000000-240
SBKTSS001,0,True,SCCM client health check.,4/10/2014 9:05:00 PM,1,20140410210500.000000+540
SCOTSS001,0,True,SCCM client health check.,4/10/2014 9:05:01 PM,1,20140410210501.000000-360
SCOTSS002,0,True,SCCM client health check.,4/10/2014 9:05:01 PM,1,20140410210501.000000-360
SCOTSS100,0,False,,,,
SHATSS001,0,True,SCCM client health check.,4/10/2014 9:05:01 PM,1,20140410210501.000000+480
SHATSS002,0,True,SCCM client health check.,4/10/2014 9:05:00 PM,1,20140410210500.000000+480
SHCTSS100,0,True,SCCM client health check.,4/10/2014 9:05:00 PM,1,20140410210500.000000-360
SHWTSS001,Error: Server Unreachable,,,,,
SLATSS100,0,True,SCCM client health check.,4/10/2014 9:05:01 PM,1,20140410210501.000000+120
SLATSS101,0,True,SCCM client health check.,4/10/2014 9:05:00 PM,1,20140410210500.000000+120
SLATSS201,Error: Server Unreachable,,,,,
SNGTSS001,0,True,SCCM client health check.,4/10/2014 9:05:03 PM,1,20140410210503.000000+480
SNGTSS002,0,True,SCCM client health check.,4/10/2014 9:05:02 PM,1,20140410210502.000000+480
SNGTSS003,0,True,SCCM client health check.,4/10/2014 9:05:00 PM,1,20140410210500.000000+480
SNGTSS004,0,True,SCCM client health check.,4/10/2014 9:05:01 PM,1,20140410210501.000000+480
SNGTSS050,Error: Server Unreachable,,,,,
SNGTSS051,0,True,SCCM client health check.,4/6/2014 5:05:00 PM,5,20140406170500.000000-000
SNGTSS100,0,False,,,,
SNGTSS101,0,True,SCCM client health check.,4/10/2014 9:05:01 PM,1,20140410210501.000000+480
SNGTSS102,0,True,SCCM client health check.,4/10/2014 9:05:00 PM,1,20140410210500.000000+480
SNGTSS103,0,True,SCCM client health check.,4/10/2014 9:05:00 PM,1,20140410210500.000000+480
SNGTSS104,0,True,SCCM client health check.,4/10/2014 9:05:02 PM,1,20140410210502.000000+480
SNGTSS201,Error: Server Unreachable,,,,,
SRTTSS001,0,True,SCCM client health check.,4/10/2014 9:05:01 PM,1,20140410210501.000000+420
SRTTSS100,Error: Server Unreachable,,,,,
SRTTSS101,0,True,SCCM client health check.,4/10/2014 9:05:01 PM,1,20140410210501.000000+420
SRTTSS102,0,True,SCCM client health check.,4/10/2014 9:05:01 PM,1,20140410210501.000000+420
STJTSS001,0,True,SCCM client health check.,4/10/2014 9:05:01 PM,1,20140410210501.000000-150
STJTSS050,0,True,SCCM client health check.,4/7/2014 3:35:00 AM,4,20140407033500.000000-000
STJTSS100,0,True,SCCM client health check.,4/10/2014 9:05:00 PM,1,20140410210500.000000-150
SYCTSS050,0,True,SCCM client health check.,4/7/2014 7:05:01 AM,4,20140407070501.000000-000
SYNTSS001,0,True,SCCM client health check.,4/10/2014 9:05:01 PM,1,20140410210501.000000-360
SYNTSS002,0,True,SCCM client health check.,4/10/2014 9:05:01 PM,1,20140410210501.000000-360
SYNTSS003,0,False,,,,
SYNTSS004,0,True,SCCM client health check.,4/10/2014 9:05:03 PM,1,20140410210503.000000-360
SYNTSS005,0,True,SCCM client health check.,4/10/2014 9:05:01 PM,1,20140410210501.000000-360
SYNTSS006,0,True,SCCM client health check.,4/10/2014 9:05:00 PM,1,20140410210500.000000-360
SYNTSS007,0,True,SCCM client health check.,4/10/2014 9:05:01 PM,1,20140410210501.000000-360
SYNTSS008,0,True,SCCM client health check.,4/10/2014 9:05:00 PM,1,20140410210500.000000-360
SYNTSS009,0,True,SCCM client health check.,4/10/2014 9:05:01 PM,1,20140410210501.000000-360
SYNTSS010,0,True,SCCM client health check.,4/10/2014 9:05:01 PM,1,20140410210501.000000-360
SYNTSS011,0,True,SCCM client health check.,4/10/2014 9:05:00 PM,1,20140410210500.000000-360
SYNTSS050,0,True,SCCM client health check.,4/7/2014 6:05:00 AM,4,20140407060500.000000-000
SYNTSS051,0,True,SCCM client health check.,4/7/2014 6:05:00 AM,4,20140407060500.000000-000
SYNTSS052,0,True,SCCM client health check.,4/7/2014 6:05:04 AM,4,20140407060504.000000-000
SYNTSS053,0,True,SCCM client health check.,4/7/2014 6:05:04 AM,4,20140407060504.000000-000
SYNTSS054,0,True,SCCM client health check.,4/7/2014 6:05:03 AM,4,20140407060503.000000-000
SYNTSS055,0,True,SCCM client health check.,4/7/2014 6:05:00 AM,4,20140407060500.000000-000
SYNTSS101,0,False,,,,
TADTSS001,0,True,SCCM client health check.,4/10/2014 9:05:02 PM,1,20140410210502.000000+480
TADTSS002,0,True,SCCM client health check.,4/10/2014 9:05:01 PM,1,20140410210501.000000+480
TADTSS003,0,True,SCCM client health check.,4/10/2014 9:05:02 PM,1,20140410210502.000000+480
TADTSS004,0,True,SCCM client health check.,4/10/2014 9:05:00 PM,1,20140410210500.000000+480
TADTSS005,0,True,SCCM client health check.,4/10/2014 9:05:00 PM,1,20140410210500.000000+480
TADTSS101,Error: Server Unreachable,,,,,
TADTSS102,0,True,SCCM client health check.,4/10/2014 9:05:01 PM,1,20140410210501.000000+480
TORTSS002,0,True,SCCM client health check.,4/10/2014 9:05:01 PM,1,20140410210501.000000-420
TORTSS050,0,True,SCCM client health check.,4/7/2014 8:05:00 AM,4,20140407080500.000000-000
TORTSS100,0,False,,,,
TORTSS102,0,True,SCCM client health check.,4/10/2014 9:05:01 PM,1,20140410210501.000000-420
TPRTSS001,Error: Server Unreachable,,,,,
TPRTSS051,Error: Server Unreachable,,,,,
TRETSS100,0,True,SCCM client health check.,4/10/2014 9:05:01 PM,1,20140410210501.000000+120
TRPTSS001,Error: Server Unreachable,,,,,
TSSDEV999,Error: Server Unreachable,,,,,
UDRTSS050,0,True,SCCM client health check.,4/7/2014 6:05:01 AM,4,20140407060501.000000-000
UDRTSS051,0,True,SCCM client health check.,4/7/2014 6:05:03 AM,4,20140407060503.000000-000
UDRTSS052,0,True,SCCM client health check.,4/7/2014 6:05:02 AM,4,20140407060502.000000-000
UDRTSS100,0,True,SCCM client health check.,4/10/2014 9:05:01 PM,1,20140410210501.000000-300
UDRTSS101,0,True,SCCM client health check.,4/10/2014 9:05:02 PM,1,20140410210502.000000-300
UDRTSS102,0,True,SCCM client health check.,4/10/2014 9:05:01 PM,1,20140410210501.000000-300
UDRTSS103,0,True,SCCM client health check.,4/10/2014 9:05:00 PM,1,20140410210500.000000-300
UDRTSS104,0,True,SCCM client health check.,4/10/2014 9:05:00 PM,1,20140410210500.000000-300
UDRTSS105,0,True,SCCM client health check.,4/10/2014 9:05:01 PM,1,20140410210501.000000-300
UDRTSS106,0,True,SCCM client health check.,4/7/2014 6:05:03 AM,4,20140407060503.000000-000
UDRTSS107,0,True,SCCM client health check.,4/7/2014 6:05:02 AM,4,20140407060502.000000-000
UDRTSS110,0,True,SCCM client health check.,4/7/2014 6:05:02 AM,4,20140407060502.000000-000
UDRTSS111,0,True,SCCM client health check.,4/7/2014 6:05:02 AM,4,20140407060502.000000-000
UDRTSS112,Error: WMI Service root\cimv2 -2147024891 Access is denied. ,,,,,
UDRTSS113,0,True,SCCM client health check.,4/7/2014 6:05:02 AM,4,20140407060502.000000-000
UDRTSS114,0,True,SCCM client health check.,4/7/2014 6:05:02 AM,4,20140407060502.000000-000
UDRTSS401,0,True,SCCM client health check.,4/10/2014 9:05:00 PM,1,20140410210500.000000-300
UPSTSS016,0,True,SCCM client health check.,4/10/2014 9:05:01 PM,1,20140410210501.000000-300
UPSTSS023,0,True,SCCM client health check.,4/10/2014 9:05:02 PM,1,20140410210502.000000-300
UPSTSS024,0,True,SCCM client health check.,4/10/2014 9:05:01 PM,1,20140410210501.000000-300
UPSTSS025,0,True,SCCM client health check.,4/10/2014 9:05:01 PM,1,20140410210501.000000-300
UPSTSS026,0,True,SCCM client health check.,4/10/2014 9:05:03 PM,1,20140410210503.000000-300
UPSTSS027,0,True,SCCM client health check.,4/10/2014 9:05:01 PM,1,20140410210501.000000-300
UPSTSS028,0,True,SCCM client health check.,4/10/2014 9:05:00 PM,1,20140410210500.000000-300
UPSTSS029,0,True,SCCM client health check.,4/10/2014 9:05:00 PM,1,20140410210500.000000-300
UPSTSS030,0,True,SCCM client health check.,4/10/2014 9:05:01 PM,1,20140410210501.000000-300
UPSTSS031,0,True,SCCM client health check.,4/10/2014 9:05:01 PM,1,20140410210501.000000-300
UPSTSS032,0,True,SCCM client health check.,4/10/2014 9:05:00 PM,1,20140410210500.000000-300
UPSTSS033,0,True,SCCM client health check.,4/10/2014 9:05:00 PM,1,20140410210500.000000-300
UPSTSS034,0,True,SCCM client health check.,4/10/2014 9:05:01 PM,1,20140410210501.000000-300
UPSTSS035,0,True,SCCM client health check.,4/10/2014 9:05:01 PM,1,20140410210501.000000-300
UPSTSS036,0,True,SCCM client health check.,4/10/2014 9:05:01 PM,1,20140410210501.000000-300
UPSTSS037,0,True,SCCM client health check.,4/10/2014 9:05:00 PM,1,20140410210500.000000-300
UPSTSS038,0,True,SCCM client health check.,4/10/2014 9:05:01 PM,1,20140410210501.000000-300
UPSTSS039,0,True,SCCM client health check.,4/10/2014 9:05:01 PM,1,20140410210501.000000-300
UPSTSS040,0,True,SCCM client health check.,4/10/2014 9:05:00 PM,1,20140410210500.000000-300
UPSTSS041,0,True,SCCM client health check.,4/10/2014 9:05:00 PM,1,20140410210500.000000-300
UPSTSS042,0,True,SCCM client health check.,4/10/2014 9:05:00 PM,1,20140410210500.000000-300
UPSTSS043,0,True,SCCM client health check.,4/10/2014 9:05:01 PM,1,20140410210501.000000-300
UPSTSS044,0,True,SCCM client health check.,4/10/2014 9:05:01 PM,1,20140410210501.000000-300
UPSTSS045,0,True,SCCM client health check.,4/10/2014 9:05:00 PM,1,20140410210500.000000-300
UPSTSS046,0,True,SCCM client health check.,4/10/2014 9:05:00 PM,1,20140410210500.000000-300
UPSTSS047,0,True,SCCM client health check.,4/10/2014 9:05:01 PM,1,20140410210501.000000-300
UPSTSS048,0,True,SCCM client health check.,4/10/2014 9:05:01 PM,1,20140410210501.000000-300
UPSTSS050,0,True,SCCM client health check.,4/7/2014 6:05:01 AM,4,20140407060501.000000-000
UPSTSS051,0,True,SCCM client health check.,4/7/2014 6:05:05 AM,4,20140407060505.000000-000
UPSTSS052,0,True,SCCM client health check.,4/7/2014 6:05:02 AM,4,20140407060502.000000-000
UPSTSS053,0,True,SCCM client health check.,4/7/2014 6:05:03 AM,4,20140407060503.000000-000
UPSTSS054,0,True,SCCM client health check.,4/7/2014 6:05:01 AM,4,20140407060501.000000-000
UPSTSS055,0,True,SCCM client health check.,4/7/2014 6:05:01 AM,4,20140407060501.000000-000
UPSTSS056,0,True,SCCM client health check.,4/7/2014 8:05:04 AM,4,20140407080504.000000-000
UPSTSS057,0,True,SCCM client health check.,4/7/2014 6:05:03 AM,4,20140407060503.000000-000
UPSTSS058,0,True,SCCM client health check.,4/7/2014 6:05:04 AM,4,20140407060504.000000-000
UPSTSS059,0,True,SCCM client health check.,4/7/2014 8:05:03 AM,4,20140407080503.000000-000
UPSTSS060,0,True,SCCM client health check.,4/7/2014 8:05:03 AM,4,20140407080503.000000-000
UPSTSS061,0,True,SCCM client health check.,4/7/2014 6:05:06 AM,4,20140407060506.000000-000
UPSTSS062,0,True,SCCM client health check.,4/7/2014 6:05:03 AM,4,20140407060503.000000-000
UPSTSS063,0,True,SCCM client health check.,4/7/2014 6:05:01 AM,4,20140407060501.000000-000
UPSTSS064,0,True,SCCM client health check.,4/7/2014 10:15:06 AM,4,20140407101506.000000-000
UPSTSS065,0,True,SCCM client health check.,4/7/2014 6:05:07 AM,4,20140407060507.000000-000
UPSTSS066,0,True,SCCM client health check.,4/7/2014 6:05:03 AM,4,20140407060503.000000-000
UPSTSS067,0,True,SCCM client health check.,4/7/2014 6:05:03 AM,4,20140407060503.000000-000
UPSTSS068,0,True,SCCM client health check.,4/7/2014 6:05:05 AM,4,20140407060505.000000-000
UPSTSS069,0,True,SCCM client health check.,4/7/2014 6:05:04 AM,4,20140407060504.000000-000
UPSTSS070,0,True,SCCM client health check.,4/7/2014 6:05:05 AM,4,20140407060505.000000-000
UPSTSS071,0,True,SCCM client health check.,4/7/2014 6:05:03 AM,4,20140407060503.000000-000
UPSTSS072,0,True,SCCM client health check.,4/7/2014 6:05:03 AM,4,20140407060503.000000-000
UPSTSS100,0,False,,,,
UPSTSS101,0,False,,,,
UPSTSS102,0,True,SCCM client health check.,4/7/2014 6:05:01 AM,4,20140407060501.000000-000
UPSTSS103,0,True,SCCM client health check.,4/7/2014 6:05:00 AM,4,20140407060500.000000-000
UPSTSS104,0,True,SCCM client health check.,4/7/2014 6:05:00 AM,4,20140407060500.000000-000
UPSTSS106,0,True,SCCM client health check.,4/7/2014 6:05:02 AM,4,20140407060502.000000-000
UPSTSS119,0,True,SCCM client health check.,4/10/2014 9:05:01 PM,1,20140410210501.000000-300
UPSTSS120,0,True,SCCM client health check.,4/7/2014 6:05:00 AM,4,20140407060500.000000-000
UPSTSS125,0,True,SCCM client health check.,4/10/2014 9:05:04 PM,1,20140410210504.000000-240
UPSTSS129,0,True,SCCM client health check.,4/10/2014 9:05:02 PM,1,20140410210502.000000-300
UPSTSS138,0,False,,,,
UPSTSS139,0,False,,,,
UPSTSS140,0,True,SCCM client health check.,4/10/2014 9:05:02 PM,1,20140410210502.000000-300
UPSTSS141,0,True,SCCM client health check.,4/10/2014 9:05:01 PM,1,20140410210501.000000-300
UPSTSS142,Error: Server Unreachable,,,,,
UPSTSS143,0,True,SCCM client health check.,4/10/2014 9:05:00 PM,1,20140410210500.000000-300
UPSTSS144,0,True,SCCM client health check.,4/10/2014 9:05:00 PM,1,20140410210500.000000-300
UPSTSS145,0,True,SCCM client health check.,4/10/2014 9:05:00 PM,1,20140410210500.000000-300
UPSTSS146,0,True,SCCM client health check.,4/10/2014 9:05:00 PM,1,20140410210500.000000-300
UPSTSS147,0,True,SCCM client health check.,4/10/2014 9:05:01 PM,1,20140410210501.000000-300
UPSTSS148,0,True,SCCM client health check.,4/10/2014 9:05:01 PM,1,20140410210501.000000-300
UPSTSS149,0,True,SCCM client health check.,4/10/2014 9:05:01 PM,1,20140410210501.000000-300
UPSTSS150,0,True,SCCM client health check.,4/10/2014 9:05:01 PM,1,20140410210501.000000-300
UPSTSS151,0,True,SCCM client health check.,4/10/2014 9:05:01 PM,1,20140410210501.000000-300
UPSTSS152,0,True,SCCM client health check.,4/10/2014 9:05:00 PM,1,20140410210500.000000-300
UPSTSS153,0,True,SCCM client health check.,4/10/2014 9:05:01 PM,1,20140410210501.000000-300
UPSTSS154,0,True,SCCM client health check.,4/10/2014 9:05:01 PM,1,20140410210501.000000-300
UPSTSS155,0,True,SCCM client health check.,4/10/2014 9:05:00 PM,1,20140410210500.000000-300
UPSTSS156,0,True,SCCM client health check.,4/10/2014 9:05:01 PM,1,20140410210501.000000-300
UPSTSS157,0,False,,,,
UPSTSS158,0,True,SCCM client health check.,4/10/2014 9:05:01 PM,1,20140410210501.000000-300
UPSTSS159,0,True,SCCM client health check.,4/10/2014 9:05:00 PM,1,20140410210500.000000-300
UPSTSS161,0,False,,,,
UPSTSS162,0,False,,,,
UPSTSS163,0,False,,,,
UPSTSS164,0,False,,,,
UPSTSS165,0,False,,,,
UPSTSS166,0,False,,,,
UPSTSS167,0,False,,,,
UPSTSS168,0,True,SCCM client health check.,4/10/2014 9:05:00 PM,1,20140410210500.000000-300
UPSTSS169,0,True,SCCM client health check.,4/10/2014 9:05:01 PM,1,20140410210501.000000-300
UPSTSS170,0,True,SCCM client health check.,4/10/2014 9:05:01 PM,1,20140410210501.000000-300
UPSTSS171,0,True,SCCM client health check.,4/10/2014 9:05:01 PM,1,20140410210501.000000-300
UPSTSS172,Error: Server Unreachable,,,,,
UPSTSS173,0,True,SCCM client health check.,4/10/2014 9:05:01 PM,1,20140410210501.000000-300
UPSTSS174,0,False,,,,
UPSTSS175,0,False,,,,
UPSTSS176,0,True,SCCM client health check.,4/10/2014 9:05:01 PM,1,20140410210501.000000-300
UPSTSS177,0,True,SCCM client health check.,4/10/2014 9:05:01 PM,1,20140410210501.000000-300
UPSTSS178,0,True,SCCM client health check.,4/10/2014 9:05:01 PM,1,20140410210501.000000-300
UPSTSS179,0,False,,,,
UPSTSS180,0,False,,,,
UPSTSS181,0,False,,,,
UPSTSS182,0,True,SCCM client health check.,4/10/2014 9:05:01 PM,1,20140410210501.000000-300
UPSTSS183,0,True,SCCM client health check.,4/10/2014 9:05:01 PM,1,20140410210501.000000-300
UPSTSS184,0,True,SCCM client health check.,4/10/2014 9:05:01 PM,1,20140410210501.000000-300
UPSTSS185,0,True,SCCM client health check.,4/10/2014 9:05:01 PM,1,20140410210501.000000-300
UPSTSS186,0,True,SCCM client health check.,4/10/2014 9:05:02 PM,1,20140410210502.000000-300
UPSTSS187,0,True,SCCM client health check.,4/10/2014 9:05:01 PM,1,20140410210501.000000-300
UPSTSS188,0,True,SCCM client health check.,4/7/2014 6:05:03 AM,4,20140407060503.000000-000
UPSTSS189,0,True,SCCM client health check.,4/7/2014 6:05:02 AM,4,20140407060502.000000-000
UPSTSS190,0,True,SCCM client health check.,4/7/2014 6:05:03 AM,4,20140407060503.000000-000
UPSTSS191,0,True,SCCM client health check.,4/7/2014 6:05:02 AM,4,20140407060502.000000-000
UPSTSS192,0,True,SCCM client health check.,4/7/2014 6:05:02 AM,4,20140407060502.000000-000
UPSTSS200,0,True,SCCM client health check.,4/7/2014 6:05:01 AM,4,20140407060501.000000-000
UPSTSS201,0,True,SCCM client health check.,4/7/2014 6:05:00 AM,4,20140407060500.000000-000
UPSTSS202,0,True,SCCM client health check.,4/7/2014 6:05:00 AM,4,20140407060500.000000-000
UPSTSS203,0,True,SCCM client health check.,4/7/2014 6:05:03 AM,4,20140407060503.000000-000
UPSTSS204,0,True,SCCM client health check.,4/7/2014 6:05:03 AM,4,20140407060503.000000-000
UPSTSS206,0,True,SCCM client health check.,4/7/2014 6:05:02 AM,4,20140407060502.000000-000
UPSTSS220,0,False,,,,
UPSTSS223,0,True,SCCM client health check.,4/7/2014 6:05:02 AM,4,20140407060502.000000-000
UPSTSS300,0,True,SCCM client health check.,4/10/2014 9:05:00 PM,1,20140410210500.000000-300
UPSTSS350,0,True,SCCM client health check.,4/7/2014 6:05:04 AM,4,20140407060504.000000-000
UPSTSS405,Error: WMI Service root\cimv2 -2147024891 Access is denied. ,,,,,
UPSTSS406,0,True,SCCM client health check.,4/10/2014 9:05:01 PM,1,20140410210501.000000-300
UPSTSS407,0,False,,,,
UPSTSS500,Error: WMI Service root\cimv2 -2147023174 The RPC server is unavailable. ,,,,,
UPSTSS501,Error: WMI Service root\cimv2 -2147023174 The RPC server is unavailable. ,,,,,
UPSTSS502,0,True,SCCM client health check.,4/10/2014 9:05:00 PM,1,20140410210500.000000-300
UPSTSS503,0,False,,,,
UPSTSS504,0,True,SCCM client health check.,4/7/2014 6:05:00 AM,4,20140407060500.000000-000
UPSTSS505,0,True,SCCM client health check.,4/7/2014 6:05:00 AM,4,20140407060500.000000-000
UPSTSS603,0,True,SCCM client health check.,4/7/2014 6:05:01 AM,4,20140407060501.000000-000
UPSTSS619,0,True,SCCM client health check.,4/10/2014 9:05:01 PM,1,20140410210501.000000-300
UPSTSS620,0,True,SCCM client health check.,4/7/2014 6:05:00 AM,4,20140407060500.000000-000
UPSTSS621,0,True,SCCM client health check.,4/7/2014 6:05:00 AM,4,20140407060500.000000-000
UPSTSS622,Error: Server Unreachable,,,,,
UPSTSS623,0,True,SCCM client health check.,4/10/2014 9:05:00 PM,1,20140410210500.000000-300
UPSTSS624,0,True,SCCM client health check.,4/10/2014 9:05:01 PM,1,20140410210501.000000-300
UPSTSS625,0,True,SCCM client health check.,4/10/2014 9:05:01 PM,1,20140410210501.000000-300
UPSTSS626,0,True,SCCM client health check.,4/10/2014 9:05:01 PM,1,20140410210501.000000-300
UPSTSS627,0,True,SCCM client health check.,4/10/2014 9:05:01 PM,1,20140410210501.000000-300
UPSTSS628,0,True,SCCM client health check.,4/10/2014 9:05:01 PM,1,20140410210501.000000-300
UPSTSS629,0,True,SCCM client health check.,4/7/2014 6:05:00 AM,4,20140407060500.000000-000
UPSTSS630,0,True,SCCM client health check.,4/10/2014 9:05:02 PM,1,20140410210502.000000-300
UPSTSS631,0,True,SCCM client health check.,4/7/2014 6:05:02 AM,4,20140407060502.000000-000
UPSTSS632,0,True,SCCM client health check.,4/7/2014 6:05:01 AM,4,20140407060501.000000-000
UPSTSS633,0,True,SCCM client health check.,4/10/2014 9:05:00 PM,1,20140410210500.000000-300
UPSTSS650,0,True,SCCM client health check.,4/7/2014 6:05:04 AM,4,20140407060504.000000-000
UPSTSS651,0,True,SCCM client health check.,4/7/2014 6:05:00 AM,4,20140407060500.000000-000
UPSTSS652,0,True,SCCM client health check.,4/10/2014 9:05:00 PM,1,20140410210500.000000-300
UPSTSS653,0,True,SCCM client health check.,4/10/2014 9:05:01 PM,1,20140410210501.000000-300
UPSTSS654,0,True,SCCM client health check.,4/7/2014 6:05:01 AM,4,20140407060501.000000-000
UPSTSS655,0,True,SCCM client health check.,4/10/2014 9:05:01 PM,1,20140410210501.000000-300
UPSTSS656,0,True,SCCM client health check.,4/10/2014 9:05:01 PM,1,20140410210501.000000-300
UPSTSS657,0,True,SCCM client health check.,4/7/2014 8:05:00 AM,4,20140407080500.000000-000
UPSTSS660,0,True,SCCM client health check.,4/7/2014 6:05:00 AM,4,20140407060500.000000-000
UPSTSS662,0,True,SCCM client health check.,4/7/2014 6:05:01 AM,4,20140407060501.000000-000
UPSTSS700,0,True,SCCM client health check.,4/7/2014 6:05:00 AM,4,20140407060500.000000-000
UPSTSS701,0,True,SCCM client health check.,4/7/2014 6:05:02 AM,4,20140407060502.000000-000
UPSTSS702,Error: Server Unreachable,,,,,
UPSTSS703,0,True,SCCM client health check.,4/7/2014 6:05:00 AM,4,20140407060500.000000-000
UPSTSS704,0,True,SCCM client health check.,4/7/2014 6:05:01 AM,4,20140407060501.000000-000
UPSTSS705,Error: Server Unreachable,,,,,
UPSTSS706,0,True,SCCM client health check.,4/7/2014 6:05:00 AM,4,20140407060500.000000-000
UPSTSSPQSU02,Error: Server Unreachable,,,,,
UPSTSSPQSU03,Error: Server Unreachable,,,,,
UPSTSSPQSU04,Error: Server Unreachable,,,,,
UPSTSSPQSU14,0,True,SCCM client health check.,4/10/2014 9:05:00 PM,1,20140410210500.000000-300
UPSTSSPQSU15,0,False,,,,
UPSTSSPQSU16,0,True,SCCM client health check.,4/10/2014 9:05:00 PM,1,20140410210500.000000-300
UPSTSSPQSU17,0,True,SCCM client health check.,4/10/2014 9:05:01 PM,1,20140410210501.000000-300
USNTSS050,0,True,SCCM client health check.,4/7/2014 6:05:00 AM,4,20140407060500.000000-000
VFATSS001,0,True,SCCM client health check.,4/10/2014 9:05:01 PM,1,20140410210501.000000+600
VFATSS100,0,True,SCCM client health check.,4/10/2014 9:05:00 PM,1,20140410210500.000000-420
VIRTSS001,Error: Server Unreachable,,,,,
XUPSTSS124,0,True,SCCM client health check.,4/10/2014 9:05:00 PM,1,20140410210500.000000-300
YORTSS002,0,True,SCCM client health check.,4/10/2014 9:05:00 PM,1,20140410210500.000000-240
YORTSS100,0,True,SCCM client health check.,4/10/2014 9:05:01 PM,1,20140410210501.000000-240
YORTSS101,0,True,SCCM client health check.,4/10/2014 9:05:00 PM,1,20140410210500.000000-240
YORTSS102,0,True,SCCM client health check.,4/10/2014 9:05:00 PM,1,20140410210500.000000+660
YORTSS400,0,True,SCCM client health check.,4/10/2014 9:05:01 PM,1,20140410210501.000000-240
YUZTSS001,0,True,SCCM client health check.,4/6/2014 2:05:00 PM,5,20140406140500.000000-000
YUZTSS003,0,True,SCCM client health check.,4/10/2014 9:05:01 PM,1,20140410210501.000000+660
YUZTSS004,Error: Server Unreachable,,,,,
YUZTSS050,0,True,SCCM client health check.,4/6/2014 2:05:00 PM,5,20140406140500.000000-000
YUZTSS100,0,True,SCCM client health check.,4/6/2014 8:05:00 PM,5,20140406200500.000000-000
YUZTSS300,0,False,,,,
