"ComputerName","AppID","AppName","Publisher","Version"
"UDRTSS114","CmdHere","CMD Prompt Here PowerToy (Uninstall only)",,
"UDRTSS114","Microsoft .NET Framework 3.5 SP1","Microsoft .NET Framework 3.5 SP1","Microsoft Corporation",
"UDRTSS114","Microsoft .NET Framework 4 Client Profile","Microsoft .NET Framework 4 Client Profile","Microsoft Corporation","4.0.30319"
"UDRTSS114","Microsoft .NET Framework 4 Extended","Microsoft .NET Framework 4 Extended","Microsoft Corporation","4.0.30319"
"UDRTSS114","Microsoft Help Viewer 1.1","Microsoft Help Viewer 1.1","Microsoft Corporation","1.1.40219"
"UDRTSS114","Microsoft SQL Server 11","Microsoft SQL Server 2012 (64-bit)",,
"UDRTSS114","Microsoft SQL Server SQLServer2012","Microsoft SQL Server 2012 (64-bit)","Microsoft Corporation",
"UDRTSS114","Microsoft Visual J# 2.0 Redistributable Package - SE (x64)","Microsoft Visual J# 2.0 Redistributable Package - SE (x64)","Microsoft Corporation",
"UDRTSS114","Microsoft Visual Studio 2010 Tools for Office Runtime (x64)","Microsoft Visual Studio 2010 Tools for Office Runtime (x64)","Microsoft Corporation","10.0.30319"
"UDRTSS114","PowerShellHere","PowerShell Prompt Here PowerToy for Windows PowerShell v1.0 (Remove only)",,
"UDRTSS114","Veritas NetBackup Client","Veritas NetBackup Client","Symantec Corporation","6.5.0"
"UDRTSS114","{05751C5A-29E0-494E-A2C6-3229B196D23B}","XOM ORC","ExxonMobil SETS LSC","1.00.0000"
"UDRTSS114","{071c9b48-7c32-4621-a0ac-3f809523288f}","Microsoft Visual C++ 2005 Redistributable (x64)","Microsoft Corporation","8.0.56336"
"UDRTSS114","{0E8670B8-3965-4930-ADA6-570348B67153}","Microsoft SQL Server 2012 Transact-SQL ScriptDom ","Microsoft Corporation","11.0.2100.60"
"UDRTSS114","{1D411379-9CE0-4B13-A19B-72D3222DD620}","SQL Server 2012 Common Files","Microsoft Corporation","11.0.2100.60"
"UDRTSS114","{1D8E6291-B0D5-35EC-8441-6616F567A0F7}","Microsoft Visual C++ Redistributable 2010 SP1 (x64)","ExxonMobil","10.0.40219"
"UDRTSS114","{202AAF1F-69AA-442A-B59F-6B54B1AD07C6}","SQL Server 2012 Common Files","Microsoft Corporation","11.0.2100.60"
"UDRTSS114","{26A24AE4-039D-4CA4-87B4-2F86416030FF}","Java Runtime Environment (64-bit) 6.0 Update 30","Oracle","6.0.300"
"UDRTSS114","{49D665A2-4C2A-476E-9AB8-FCC425F526FC}","Microsoft SQL Server 2012 Native Client ","Microsoft Corporation","11.0.2100.60"
"UDRTSS114","{4E872557-9318-4129-80E0-87C49DA82295}","ActiveX for MOVEit DMZ 7.10","IPSWITCH","7.10"
"UDRTSS114","{5C75DA6D-F5E3-4D4B-A381-B52B8CA5B1CF}","Symantec Endpoint Protection","Symantec Corporation","11.0.7000.975"
"UDRTSS114","{5DDC2234-4B37-45BC-AD33-41F1469B4D83}","Microsoft SQL Server 2012 Setup (English)","Microsoft Corporation","11.0.2100.60"
"UDRTSS114","{5FCE6D76-F5DC-37AB-B2B8-22AB8CEDB1D4}","Microsoft Visual C++ 2008 Redistributable - x64 9.0.30729.6161","Microsoft Corporation","9.0.30729.6161"
"UDRTSS114","{648D3C6F-E33E-4A1B-BB16-01509F48FB8F}","VMware Tools","VMware, Inc.","9.0.5.21789"
"UDRTSS114","{656E214E-B73F-458C-AD64-ED316F008207}","SQL Server 2012 BI Development Studio","Microsoft Corporation","11.0.2100.60"
"UDRTSS114","{662014D2-0450-37ED-ABAE-157C88127BEB}","Visual Studio 2010 Prerequisites - English","Microsoft Corporation","10.0.40219"
"UDRTSS114","{6CC848C5-DE4D-49F3-A1D3-3DE209B3E688}","Gemalto Access Client (x64) 5.5","Gemalto","5.5"
"UDRTSS114","{75ACABC2-ED30-4E70-AB16-B5D980787DD5}","Sysprep Pack","ExxonMobil","1.00.0000"
"UDRTSS114","{786970C5-E6F6-4A41-B238-AE25D4B91EEA}","Microsoft Monitoring Agent","Microsoft Corporation","7.1.10184.0"
"UDRTSS114","{7BBC85C8-A53D-4E41-9477-2B0F76543808}","BACS MAC Changer","ExxonMobil","1.00.0000"
"UDRTSS114","{7DFA8779-CB4B-40A7-BCBC-06AFA6B29DA5}","XOM Toolset","ExxonMobil","1.00.0000"
"UDRTSS114","{83E954A5-4BD0-4C18-BDC6-63BB4AA23EFA}","Veritas NetBackup Client","Symantec Corporation","6.5.0"
"UDRTSS114","{8E34682C-8118-31F1-BC4C-98CD9675E1C2}","Microsoft .NET Framework 4 Extended","Microsoft Corporation","4.0.30319"
"UDRTSS114","{90140000-002A-0000-1000-0000000FF1CE}","Microsoft Office Office 64-bit Components 2010","Microsoft Corporation","14.0.6029.1000"
"UDRTSS114","{90140000-002A-0409-1000-0000000FF1CE}","Microsoft Office Shared 64-bit MUI (English) 2010","Microsoft Corporation","14.0.6029.1000"
"UDRTSS114","{90140000-0116-0409-1000-0000000FF1CE}","Microsoft Office Shared 64-bit Setup Metadata MUI (English) 2010","Microsoft Corporation","14.0.6029.1000"
"UDRTSS114","{A007BD05-ECFD-4F64-89F6-7E95F91F0DFB}","Microsoft SQL Server 2012 Data-Tier App Framework ","Microsoft Corporation","11.0.2100.60"
"UDRTSS114","{A1C9093D-CD66-4B0B-B890-4DE5E2EC5428}","Veritas NetBackup 6.5.4 (6.5 Release Update 4)","Symantec Corporation","4000.0000"
"UDRTSS114","{A85634C1-370D-4A35-A872-8337942A570B}","Citrix XenApp 5.0","Citrix Systems, Inc.","5.0.0.0"
"UDRTSS114","{B0A5A6EE-F8BA-48B1-BB32-BAC17E96C2B4}","Microsoft Visual J# 2.0 Redistributable Package - SE (x64)","Microsoft Corporation","2.0.50728"
"UDRTSS114","{B3C8200C-9F0B-4D12-9498-00572F87B049}","Microsoft Application Virtualization Client for Remote Desktop Services","Microsoft Corporation","4.6.2.24020"
"UDRTSS114","{B40EE88B-400A-4266-A17B-E3DE64E94431}","Microsoft SQL Server 2008 Setup Support Files ","Microsoft Corporation","10.1.2731.0"
"UDRTSS114","{BD430C50-784F-32CD-87E7-A8C47EE6107F}","Microsoft Visual Studio 2010 Tools for Office Runtime (x64)","Microsoft Corporation","10.0.30322"
"UDRTSS114","{BEB0F91E-F2EA-48A1-B938-7857ABF2A93D}","Microsoft SQL Server 2012 Transact-SQL Compiler Service ","Microsoft Corporation","11.0.2100.60"
"UDRTSS114","{C7D02CC3-4EA6-482D-8973-3F17D87F3EB9}","Spike Active X Control 1.0.0.19","ExxonMobil","1.0.0.19"
"UDRTSS114","{CC8B009A-98C9-497F-99AF-CEBE35D8C0CF}","Microsoft SQL Server 2012 T-SQL Language Service ","Microsoft Corporation","11.0.2100.60"
"UDRTSS114","{CE2CDD62-0124-36CA-84D3-9F4DCF5C5BD9}","Microsoft .NET Framework 3.5 SP1","Microsoft Corporation","3.5.30729"
"UDRTSS114","{D307B5CF-D1F0-48A4-8DA3-54765F535208}","SQL Server 2012 SQL Data Quality Common","Microsoft Corporation","11.0.2100.60"
"UDRTSS114","{D57B88AD-0120-4958-8626-758A4EBEC799}","Citrix EdgeSight for XenApp Agent 5.3 x64","Citrix Systems, Inc.","5.3.4139.3"
"UDRTSS114","{DD19981F-FBBF-46BD-92F5-94951BD717C1}","AutoLoad Scripts","ExxonMobil","1.00.0000"
"UDRTSS114","{DE81CA12-BA88-4D4F-BAF2-12DD94A9EF35}","Microsoft SQL Server 2008 R2 ADOMD.NET","Microsoft Corporation","10.50.1600.1"
"UDRTSS114","{E5748D30-7E6D-3A8E-BFE6-C1D02C6DDABB}","Microsoft Help Viewer 1.1","Microsoft Corporation","1.1.40219"
"UDRTSS114","{EE1B54D1-BFBC-4C19-8D66-E0AF3E967896}","SQL Server 2012 BI Development Studio","Microsoft Corporation","11.0.2100.60"
"UDRTSS114","{F1949145-EB64-4DE7-9D81-E6D27937146C}","Microsoft System CLR Types for SQL Server 2012 (x64)","Microsoft Corporation","11.0.2100.60"
"UDRTSS114","{F5B09CFD-F0B2-36AF-8DF4-1DF6B63FC7B4}","Microsoft .NET Framework 4 Client Profile","Microsoft Corporation","4.0.30319"
"UDRTSS114","{FA0A244E-F3C2-4589-B42A-3D522DE79A42}","Microsoft SQL Server 2012 Management Objects  (x64)","Microsoft Corporation","11.0.2100.60"
"UDRTSS115","CmdHere","CMD Prompt Here PowerToy (Uninstall only)",,
"UDRTSS115","DWG TrueView 2014","Autodesk DWG TrueView 2014","Autodesk","19.1.18.0"
"UDRTSS115","Microsoft .NET Framework 3.5 SP1","Microsoft .NET Framework 3.5 SP1","Microsoft Corporation",
"UDRTSS115","Microsoft .NET Framework 4 Client Profile","Microsoft .NET Framework 4 Client Profile","Microsoft Corporation","4.0.30319"
"UDRTSS115","Microsoft .NET Framework 4 Extended","Microsoft .NET Framework 4 Extended","Microsoft Corporation","4.0.30319"
"UDRTSS115","Microsoft Help Viewer 1.1","Microsoft Help Viewer 1.1","Microsoft Corporation","1.1.40219"
"UDRTSS115","Microsoft SQL Server 11","Microsoft SQL Server 2012 (64-bit)",,
"UDRTSS115","Microsoft SQL Server SQLServer2012","Microsoft SQL Server 2012 (64-bit)","Microsoft Corporation",
"UDRTSS115","Microsoft Visual J# 2.0 Redistributable Package - SE (x64)","Microsoft Visual J# 2.0 Redistributable Package - SE (x64)","Microsoft Corporation",
"UDRTSS115","Microsoft Visual Studio 2010 Tools for Office Runtime (x64)","Microsoft Visual Studio 2010 Tools for Office Runtime (x64)","Microsoft Corporation","10.0.30319"
"UDRTSS115","PowerShellHere","PowerShell Prompt Here PowerToy for Windows PowerShell v1.0 (Remove only)",,
"UDRTSS115","Secure Login Client (x64)","SAP Secure Login Client (x64)","SAP AG","2.0.1.0.0"
"UDRTSS115","Veritas NetBackup Client","Veritas NetBackup Client","Symantec Corporation","6.5.0"
"UDRTSS115","{05751C5A-29E0-494E-A2C6-3229B196D23B}","XOM ORC","ExxonMobil SETS LSC","1.00.0000"
"UDRTSS115","{071c9b48-7c32-4621-a0ac-3f809523288f}","Microsoft Visual C++ 2005 Redistributable (x64)","Microsoft Corporation","8.0.56336"
"UDRTSS115","{0E8670B8-3965-4930-ADA6-570348B67153}","Microsoft SQL Server 2012 Transact-SQL ScriptDom ","Microsoft Corporation","11.0.2100.60"
"UDRTSS115","{1D411379-9CE0-4B13-A19B-72D3222DD620}","SQL Server 2012 Common Files","Microsoft Corporation","11.0.2100.60"
"UDRTSS115","{1D8E6291-B0D5-35EC-8441-6616F567A0F7}","Microsoft Visual C++ Redistributable 2010 SP1 (x64)","ExxonMobil","10.0.40219"
"UDRTSS115","{202AAF1F-69AA-442A-B59F-6B54B1AD07C6}","SQL Server 2012 Common Files","Microsoft Corporation","11.0.2100.60"
"UDRTSS115","{26A24AE4-039D-4CA4-87B4-2F86416023FF}","Java(TM) 6 Update 23 (64-bit)","Oracle","6.0.230"
"UDRTSS115","{26A24AE4-039D-4CA4-87B4-2F86416030FF}","Java Runtime Environment (64-bit) 6.0 Update 30","Oracle","6.0.300"
"UDRTSS115","{46488CDF-4FE8-442A-8E8B-AA5615598FCF}","VMware Tools","VMware, Inc.","9.0.5.25843"
"UDRTSS115","{49D665A2-4C2A-476E-9AB8-FCC425F526FC}","Microsoft SQL Server 2012 Native Client ","Microsoft Corporation","11.0.2100.60"
"UDRTSS115","{4B6C7001-C7D6-3710-913E-5BC23FCE91E6}","Microsoft Visual C++ 2008 Redistributable - x64 9.0.30729.4148","Microsoft Corporation","9.0.30729.4148"
"UDRTSS115","{4E872557-9318-4129-80E0-87C49DA82295}","ActiveX for MOVEit DMZ 7.10","IPSWITCH","7.10"
"UDRTSS115","{5783F2D7-D028-0409-0100-0060B0CE6BBA}","DWG TrueView 2014","Autodesk","19.1.18.0"
"UDRTSS115","{5C75DA6D-F5E3-4D4B-A381-B52B8CA5B1CF}","Symantec Endpoint Protection","Symantec Corporation","11.0.7000.975"
"UDRTSS115","{5DDC2234-4B37-45BC-AD33-41F1469B4D83}","Microsoft SQL Server 2012 Setup (English)","Microsoft Corporation","11.0.2100.60"
"UDRTSS115","{5FCE6D76-F5DC-37AB-B2B8-22AB8CEDB1D4}","Microsoft Visual C++ 2008 Redistributable - x64 9.0.30729.6161","Microsoft Corporation","9.0.30729.6161"
"UDRTSS115","{633F3A7E-471D-4C08-A643-C184A2EE19AB}","XML Parser (MSXML) 6.10.1129.0","Microsoft","6.10.1129.0"
"UDRTSS115","{656E214E-B73F-458C-AD64-ED316F008207}","SQL Server 2012 BI Development Studio","Microsoft Corporation","11.0.2100.60"
"UDRTSS115","{662014D2-0450-37ED-ABAE-157C88127BEB}","Visual Studio 2010 Prerequisites - English","Microsoft Corporation","10.0.40219"
"UDRTSS115","{6CC848C5-DE4D-49F3-A1D3-3DE209B3E688}","Gemalto Access Client (x64) 5.5","Gemalto","5.5"
"UDRTSS115","{7580D918-C621-49E7-9877-3CC59F9BD1DA}","Microsoft Application Virtualization Client for Remote Desktop Services","Microsoft Corporation","4.6.0.20200"
"UDRTSS115","{75ACABC2-ED30-4E70-AB16-B5D980787DD5}","Sysprep Pack","ExxonMobil","1.00.0000"
"UDRTSS115","{786970C5-E6F6-4A41-B238-AE25D4B91EEA}","Microsoft Monitoring Agent","Microsoft Corporation","7.1.10184.0"
"UDRTSS115","{7BBC85C8-A53D-4E41-9477-2B0F76543808}","BACS MAC Changer","ExxonMobil","1.00.0000"
"UDRTSS115","{7DFA8779-CB4B-40A7-BCBC-06AFA6B29DA5}","XOM Toolset","ExxonMobil","1.00.0000"
"UDRTSS115","{83E954A5-4BD0-4C18-BDC6-63BB4AA23EFA}","Veritas NetBackup Client","Symantec Corporation","6.5.0"
"UDRTSS115","{8E34682C-8118-31F1-BC4C-98CD9675E1C2}","Microsoft .NET Framework 4 Extended","Microsoft Corporation","4.0.30319"
"UDRTSS115","{90140000-002A-0000-1000-0000000FF1CE}","Microsoft Office Office 64-bit Components 2010","Microsoft Corporation","14.0.6029.1000"
"UDRTSS115","{90140000-002A-0409-1000-0000000FF1CE}","Microsoft Office Shared 64-bit MUI (English) 2010","Microsoft Corporation","14.0.6029.1000"
"UDRTSS115","{90140000-0116-0409-1000-0000000FF1CE}","Microsoft Office Shared 64-bit Setup Metadata MUI (English) 2010","Microsoft Corporation","14.0.6029.1000"
"UDRTSS115","{A007BD05-ECFD-4F64-89F6-7E95F91F0DFB}","Microsoft SQL Server 2012 Data-Tier App Framework ","Microsoft Corporation","11.0.2100.60"
"UDRTSS115","{A1C9093D-CD66-4B0B-B890-4DE5E2EC5428}","Veritas NetBackup 6.5.4 (6.5 Release Update 4)","Symantec Corporation","4000.0000"
"UDRTSS115","{A85634C1-370D-4A35-A872-8337942A570B}","Citrix XenApp 5.0","Citrix Systems, Inc.","5.0.2"
"UDRTSS115","{AAE18511-1041-40A5-9A50-E7C07DD6A504}","Citrix XenApp Commands (CTP3)","Citrix Systems, Inc.","5.0.1.1"
"UDRTSS115","{B0A5A6EE-F8BA-48B1-BB32-BAC17E96C2B4}","Microsoft Visual J# 2.0 Redistributable Package - SE (x64)","Microsoft Corporation","2.0.50728"
"UDRTSS115","{B3C8200C-9F0B-4D12-9498-00572F87B049}","Microsoft Application Virtualization Client for Remote Desktop Services","Microsoft Corporation","4.6.2.24020"
"UDRTSS115","{B40EE88B-400A-4266-A17B-E3DE64E94431}","Microsoft SQL Server 2008 Setup Support Files ","Microsoft Corporation","10.1.2731.0"
"UDRTSS115","{BD430C50-784F-32CD-87E7-A8C47EE6107F}","Microsoft Visual Studio 2010 Tools for Office Runtime (x64)","Microsoft Corporation","10.0.30322"
"UDRTSS115","{BEB0F91E-F2EA-48A1-B938-7857ABF2A93D}","Microsoft SQL Server 2012 Transact-SQL Compiler Service ","Microsoft Corporation","11.0.2100.60"
"UDRTSS115","{C7D02CC3-4EA6-482D-8973-3F17D87F3EB9}","Spike Active X Control 1.0.0.19","ExxonMobil","1.0.0.19"
"UDRTSS115","{CC8B009A-98C9-497F-99AF-CEBE35D8C0CF}","Microsoft SQL Server 2012 T-SQL Language Service ","Microsoft Corporation","11.0.2100.60"
"UDRTSS115","{CE2CDD62-0124-36CA-84D3-9F4DCF5C5BD9}","Microsoft .NET Framework 3.5 SP1","Microsoft Corporation","3.5.30729"
"UDRTSS115","{D307B5CF-D1F0-48A4-8DA3-54765F535208}","SQL Server 2012 SQL Data Quality Common","Microsoft Corporation","11.0.2100.60"
"UDRTSS115","{D57B88AD-0120-4958-8626-758A4EBEC799}","Citrix EdgeSight for XenApp Agent 5.3 x64","Citrix Systems, Inc.","5.3.4139.3"
"UDRTSS115","{DD19981F-FBBF-46BD-92F5-94951BD717C1}","AutoLoad Scripts","ExxonMobil","1.00.0000"
"UDRTSS115","{DE81CA12-BA88-4D4F-BAF2-12DD94A9EF35}","Microsoft SQL Server 2008 R2 ADOMD.NET","Microsoft Corporation","10.50.1600.1"
"UDRTSS115","{E5748D30-7E6D-3A8E-BFE6-C1D02C6DDABB}","Microsoft Help Viewer 1.1","Microsoft Corporation","1.1.40219"
"UDRTSS115","{EE1B54D1-BFBC-4C19-8D66-E0AF3E967896}","SQL Server 2012 BI Development Studio","Microsoft Corporation","11.0.2100.60"
"UDRTSS115","{F1949145-EB64-4DE7-9D81-E6D27937146C}","Microsoft System CLR Types for SQL Server 2012 (x64)","Microsoft Corporation","11.0.2100.60"
"UDRTSS115","{F5B09CFD-F0B2-36AF-8DF4-1DF6B63FC7B4}","Microsoft .NET Framework 4 Client Profile","Microsoft Corporation","4.0.30319"
"UDRTSS115","{FA0A244E-F3C2-4589-B42A-3D522DE79A42}","Microsoft SQL Server 2012 Management Objects  (x64)","Microsoft Corporation","11.0.2100.60"
"UDRTSS116","CmdHere","CMD Prompt Here PowerToy (Uninstall only)",,
"UDRTSS116","Microsoft .NET Framework 3.5 SP1","Microsoft .NET Framework 3.5 SP1","Microsoft Corporation",
"UDRTSS116","Microsoft .NET Framework 4 Client Profile","Microsoft .NET Framework 4 Client Profile","Microsoft Corporation","4.0.30319"
"UDRTSS116","Microsoft .NET Framework 4 Extended","Microsoft .NET Framework 4 Extended","Microsoft Corporation","4.0.30319"
"UDRTSS116","Microsoft Visual J# 2.0 Redistributable Package - SE (x64)","Microsoft Visual J# 2.0 Redistributable Package - SE (x64)","Microsoft Corporation",
"UDRTSS116","Microsoft Visual Studio 2010 Tools for Office Runtime (x64)","Microsoft Visual Studio 2010 Tools for Office Runtime (x64)","Microsoft Corporation","10.0.30319"
"UDRTSS116","PowerShellHere","PowerShell Prompt Here PowerToy for Windows PowerShell v1.0 (Remove only)",,
"UDRTSS116","Veritas NetBackup Client","Veritas NetBackup Client","Symantec Corporation","6.5.0"
"UDRTSS116","{05751C5A-29E0-494E-A2C6-3229B196D23B}","XOM ORC","ExxonMobil SETS LSC","1.00.0000"
"UDRTSS116","{071c9b48-7c32-4621-a0ac-3f809523288f}","Microsoft Visual C++ 2005 Redistributable (x64)","Microsoft Corporation","8.0.56336"
"UDRTSS116","{1D8E6291-B0D5-35EC-8441-6616F567A0F7}","Microsoft Visual C++ Redistributable 2010 SP1 (x64)","ExxonMobil","10.0.40219"
"UDRTSS116","{2180B33F-3225-423E-BBC1-7798CFD3CD1F}","Microsoft SQL Server 2008 R2 Native Client","Microsoft Corporation","10.50.1600.1"
"UDRTSS116","{26A24AE4-039D-4CA4-87B4-2F86416023FF}","Java(TM) 6 Update 23 (64-bit)","Oracle","6.0.230"
"UDRTSS116","{26A24AE4-039D-4CA4-87B4-2F86416030FF}","Java Runtime Environment (64-bit) 6.0 Update 30","Oracle","6.0.300"
"UDRTSS116","{46488CDF-4FE8-442A-8E8B-AA5615598FCF}","VMware Tools","VMware, Inc.","9.0.5.25843"
"UDRTSS116","{4E872557-9318-4129-80E0-87C49DA82295}","ActiveX for MOVEit DMZ 7.10","IPSWITCH","7.10"
"UDRTSS116","{5C75DA6D-F5E3-4D4B-A381-B52B8CA5B1CF}","Symantec Endpoint Protection","Symantec Corporation","11.0.7000.975"
"UDRTSS116","{633F3A7E-471D-4C08-A643-C184A2EE19AB}","XML Parser (MSXML) 6.10.1129.0","Microsoft","6.10.1129.0"
"UDRTSS116","{6CC848C5-DE4D-49F3-A1D3-3DE209B3E688}","Gemalto Access Client (x64) 5.5","Gemalto","5.5"
"UDRTSS116","{75ACABC2-ED30-4E70-AB16-B5D980787DD5}","Sysprep Pack","ExxonMobil","1.00.0000"
"UDRTSS116","{786970C5-E6F6-4A41-B238-AE25D4B91EEA}","Microsoft Monitoring Agent","Microsoft Corporation","7.1.10184.0"
"UDRTSS116","{7BBC85C8-A53D-4E41-9477-2B0F76543808}","BACS MAC Changer","ExxonMobil","1.00.0000"
"UDRTSS116","{7DFA8779-CB4B-40A7-BCBC-06AFA6B29DA5}","XOM Toolset","ExxonMobil","1.00.0000"
"UDRTSS116","{83E954A5-4BD0-4C18-BDC6-63BB4AA23EFA}","Veritas NetBackup Client","Symantec Corporation","6.5.0"
"UDRTSS116","{8E34682C-8118-31F1-BC4C-98CD9675E1C2}","Microsoft .NET Framework 4 Extended","Microsoft Corporation","4.0.30319"
"UDRTSS116","{90140000-002A-0000-1000-0000000FF1CE}","Microsoft Office Office 64-bit Components 2010","Microsoft Corporation","14.0.6029.1000"
"UDRTSS116","{90140000-002A-0409-1000-0000000FF1CE}","Microsoft Office Shared 64-bit MUI (English) 2010","Microsoft Corporation","14.0.6029.1000"
"UDRTSS116","{90140000-0116-0409-1000-0000000FF1CE}","Microsoft Office Shared 64-bit Setup Metadata MUI (English) 2010","Microsoft Corporation","14.0.6029.1000"
"UDRTSS116","{A1C9093D-CD66-4B0B-B890-4DE5E2EC5428}","Veritas NetBackup 6.5.4 (6.5 Release Update 4)","Symantec Corporation","4000.0000"
"UDRTSS116","{A85634C1-370D-4A35-A872-8337942A570B}","Citrix XenApp 5.0","Citrix Systems, Inc.","5.0.2"
"UDRTSS116","{AAE18511-1041-40A5-9A50-E7C07DD6A504}","Citrix XenApp Commands (CTP3)","Citrix Systems, Inc.","5.0.1.1"
"UDRTSS116","{B0A5A6EE-F8BA-48B1-BB32-BAC17E96C2B4}","Microsoft Visual J# 2.0 Redistributable Package - SE (x64)","Microsoft Corporation","2.0.50728"
"UDRTSS116","{B3C8200C-9F0B-4D12-9498-00572F87B049}","Microsoft Application Virtualization Client for Remote Desktop Services","Microsoft Corporation","4.6.2.24020"
"UDRTSS116","{BD430C50-784F-32CD-87E7-A8C47EE6107F}","Microsoft Visual Studio 2010 Tools for Office Runtime (x64)","Microsoft Corporation","10.0.30322"
"UDRTSS116","{C7D02CC3-4EA6-482D-8973-3F17D87F3EB9}","Spike Active X Control 1.0.0.19","ExxonMobil","1.0.0.19"
"UDRTSS116","{CE2CDD62-0124-36CA-84D3-9F4DCF5C5BD9}","Microsoft .NET Framework 3.5 SP1","Microsoft Corporation","3.5.30729"
"UDRTSS116","{D57B88AD-0120-4958-8626-758A4EBEC799}","Citrix EdgeSight for XenApp Agent 5.3 x64","Citrix Systems, Inc.","5.3.4139.3"
"UDRTSS116","{DD19981F-FBBF-46BD-92F5-94951BD717C1}","AutoLoad Scripts","ExxonMobil","1.00.0000"
"UDRTSS116","{F5B09CFD-F0B2-36AF-8DF4-1DF6B63FC7B4}","Microsoft .NET Framework 4 Client Profile","Microsoft Corporation","4.0.30319"
"UDRTSS117","CmdHere","CMD Prompt Here PowerToy (Uninstall only)",,
"UDRTSS117","Microsoft .NET Framework 3.5 SP1","Microsoft .NET Framework 3.5 SP1","Microsoft Corporation",
"UDRTSS117","Microsoft .NET Framework 4 Client Profile","Microsoft .NET Framework 4 Client Profile","Microsoft Corporation","4.0.30319"
"UDRTSS117","Microsoft .NET Framework 4 Extended","Microsoft .NET Framework 4 Extended","Microsoft Corporation","4.0.30319"
"UDRTSS117","Microsoft Visual J# 2.0 Redistributable Package - SE (x64)","Microsoft Visual J# 2.0 Redistributable Package - SE (x64)","Microsoft Corporation",
"UDRTSS117","Microsoft Visual Studio 2010 Tools for Office Runtime (x64)","Microsoft Visual Studio 2010 Tools for Office Runtime (x64)","Microsoft Corporation","10.0.30319"
"UDRTSS117","PowerShellHere","PowerShell Prompt Here PowerToy for Windows PowerShell v1.0 (Remove only)",,
"UDRTSS117","Veritas NetBackup Client","Veritas NetBackup Client","Symantec Corporation","6.5.0"
"UDRTSS117","{05751C5A-29E0-494E-A2C6-3229B196D23B}","XOM ORC","ExxonMobil SETS LSC","1.00.0000"
"UDRTSS117","{071c9b48-7c32-4621-a0ac-3f809523288f}","Microsoft Visual C++ 2005 Redistributable (x64)","Microsoft Corporation","8.0.56336"
"UDRTSS117","{1D8E6291-B0D5-35EC-8441-6616F567A0F7}","Microsoft Visual C++ Redistributable 2010 SP1 (x64)","ExxonMobil","10.0.40219"
"UDRTSS117","{2180B33F-3225-423E-BBC1-7798CFD3CD1F}","Microsoft SQL Server 2008 R2 Native Client","Microsoft Corporation","10.50.1600.1"
"UDRTSS117","{26A24AE4-039D-4CA4-87B4-2F86416030FF}","Java Runtime Environment (64-bit) 6.0 Update 30","Oracle","6.0.300"
"UDRTSS117","{46488CDF-4FE8-442A-8E8B-AA5615598FCF}","VMware Tools","VMware, Inc.","9.0.5.25843"
"UDRTSS117","{4E872557-9318-4129-80E0-87C49DA82295}","ActiveX for MOVEit DMZ 7.10","IPSWITCH","7.10"
"UDRTSS117","{5C75DA6D-F5E3-4D4B-A381-B52B8CA5B1CF}","Symantec Endpoint Protection","Symantec Corporation","11.0.7000.975"
"UDRTSS117","{633F3A7E-471D-4C08-A643-C184A2EE19AB}","XML Parser (MSXML) 6.10.1129.0","Microsoft","6.10.1129.0"
"UDRTSS117","{6CC848C5-DE4D-49F3-A1D3-3DE209B3E688}","Gemalto Access Client (x64) 5.5","Gemalto","5.5"
"UDRTSS117","{75ACABC2-ED30-4E70-AB16-B5D980787DD5}","Sysprep Pack","ExxonMobil","1.00.0000"
"UDRTSS117","{786970C5-E6F6-4A41-B238-AE25D4B91EEA}","Microsoft Monitoring Agent","Microsoft Corporation","7.1.10184.0"
"UDRTSS117","{7BBC85C8-A53D-4E41-9477-2B0F76543808}","BACS MAC Changer","ExxonMobil","1.00.0000"
"UDRTSS117","{7DFA8779-CB4B-40A7-BCBC-06AFA6B29DA5}","XOM Toolset","ExxonMobil","1.00.0000"
"UDRTSS117","{83E954A5-4BD0-4C18-BDC6-63BB4AA23EFA}","Veritas NetBackup Client","Symantec Corporation","6.5.0"
"UDRTSS117","{8E34682C-8118-31F1-BC4C-98CD9675E1C2}","Microsoft .NET Framework 4 Extended","Microsoft Corporation","4.0.30319"
"UDRTSS117","{90140000-002A-0000-1000-0000000FF1CE}","Microsoft Office Office 64-bit Components 2010","Microsoft Corporation","14.0.6029.1000"
"UDRTSS117","{90140000-002A-0409-1000-0000000FF1CE}","Microsoft Office Shared 64-bit MUI (English) 2010","Microsoft Corporation","14.0.6029.1000"
"UDRTSS117","{90140000-0116-0409-1000-0000000FF1CE}","Microsoft Office Shared 64-bit Setup Metadata MUI (English) 2010","Microsoft Corporation","14.0.6029.1000"
"UDRTSS117","{A1C9093D-CD66-4B0B-B890-4DE5E2EC5428}","Veritas NetBackup 6.5.4 (6.5 Release Update 4)","Symantec Corporation","4000.0000"
"UDRTSS117","{A85634C1-370D-4A35-A872-8337942A570B}","Citrix XenApp 5.0","Citrix Systems, Inc.","5.0.2"
"UDRTSS117","{AAE18511-1041-40A5-9A50-E7C07DD6A504}","Citrix XenApp Commands (CTP3)","Citrix Systems, Inc.","5.0.1.1"
"UDRTSS117","{B0A5A6EE-F8BA-48B1-BB32-BAC17E96C2B4}","Microsoft Visual J# 2.0 Redistributable Package - SE (x64)","Microsoft Corporation","2.0.50728"
"UDRTSS117","{B3C8200C-9F0B-4D12-9498-00572F87B049}","Microsoft Application Virtualization Client for Remote Desktop Services","Microsoft Corporation","4.6.2.24020"
"UDRTSS117","{BD430C50-784F-32CD-87E7-A8C47EE6107F}","Microsoft Visual Studio 2010 Tools for Office Runtime (x64)","Microsoft Corporation","10.0.30322"
"UDRTSS117","{C7D02CC3-4EA6-482D-8973-3F17D87F3EB9}","Spike Active X Control 1.0.0.19","ExxonMobil","1.0.0.19"
"UDRTSS117","{CE2CDD62-0124-36CA-84D3-9F4DCF5C5BD9}","Microsoft .NET Framework 3.5 SP1","Microsoft Corporation","3.5.30729"
"UDRTSS117","{D57B88AD-0120-4958-8626-758A4EBEC799}","Citrix EdgeSight for XenApp Agent 5.3 x64","Citrix Systems, Inc.","5.3.4139.3"
"UDRTSS117","{DD19981F-FBBF-46BD-92F5-94951BD717C1}","AutoLoad Scripts","ExxonMobil","1.00.0000"
"UDRTSS117","{F5B09CFD-F0B2-36AF-8DF4-1DF6B63FC7B4}","Microsoft .NET Framework 4 Client Profile","Microsoft Corporation","4.0.30319"
"UDRTSS118","CmdHere","CMD Prompt Here PowerToy (Uninstall only)",,
"UDRTSS118","Microsoft .NET Framework 3.5 SP1","Microsoft .NET Framework 3.5 SP1","Microsoft Corporation",
"UDRTSS118","Microsoft .NET Framework 4 Client Profile","Microsoft .NET Framework 4 Client Profile","Microsoft Corporation","4.0.30319"
"UDRTSS118","Microsoft .NET Framework 4 Extended","Microsoft .NET Framework 4 Extended","Microsoft Corporation","4.0.30319"
"UDRTSS118","Microsoft Visual J# 2.0 Redistributable Package - SE (x64)","Microsoft Visual J# 2.0 Redistributable Package - SE (x64)","Microsoft Corporation",
"UDRTSS118","Microsoft Visual Studio 2010 Tools for Office Runtime (x64)","Microsoft Visual Studio 2010 Tools for Office Runtime (x64)","Microsoft Corporation","10.0.30319"
"UDRTSS118","PowerShellHere","PowerShell Prompt Here PowerToy for Windows PowerShell v1.0 (Remove only)",,
"UDRTSS118","Veritas NetBackup Client","Veritas NetBackup Client","Symantec Corporation","6.5.0"
"UDRTSS118","{05751C5A-29E0-494E-A2C6-3229B196D23B}","XOM ORC","ExxonMobil SETS LSC","1.00.0000"
"UDRTSS118","{071c9b48-7c32-4621-a0ac-3f809523288f}","Microsoft Visual C++ 2005 Redistributable (x64)","Microsoft Corporation","8.0.56336"
"UDRTSS118","{1D8E6291-B0D5-35EC-8441-6616F567A0F7}","Microsoft Visual C++ Redistributable 2010 SP1 (x64)","ExxonMobil","10.0.40219"
"UDRTSS118","{26A24AE4-039D-4CA4-87B4-2F86416030FF}","Java Runtime Environment (64-bit) 6.0 Update 30","Oracle","6.0.300"
"UDRTSS118","{46488CDF-4FE8-442A-8E8B-AA5615598FCF}","VMware Tools","VMware, Inc.","9.0.5.25843"
"UDRTSS118","{4E872557-9318-4129-80E0-87C49DA82295}","ActiveX for MOVEit DMZ 7.10","IPSWITCH","7.10"
"UDRTSS118","{5C75DA6D-F5E3-4D4B-A381-B52B8CA5B1CF}","Symantec Endpoint Protection","Symantec Corporation","11.0.7000.975"
"UDRTSS118","{633F3A7E-471D-4C08-A643-C184A2EE19AB}","XML Parser (MSXML) 6.10.1129.0","Microsoft","6.10.1129.0"
"UDRTSS118","{6CC848C5-DE4D-49F3-A1D3-3DE209B3E688}","Gemalto Access Client (x64) 5.5","Gemalto","5.5"
"UDRTSS118","{75ACABC2-ED30-4E70-AB16-B5D980787DD5}","Sysprep Pack","ExxonMobil","1.00.0000"
"UDRTSS118","{786970C5-E6F6-4A41-B238-AE25D4B91EEA}","Microsoft Monitoring Agent","Microsoft Corporation","7.1.10184.0"
"UDRTSS118","{7BBC85C8-A53D-4E41-9477-2B0F76543808}","BACS MAC Changer","ExxonMobil","1.00.0000"
"UDRTSS118","{7DFA8779-CB4B-40A7-BCBC-06AFA6B29DA5}","XOM Toolset","ExxonMobil","1.00.0000"
"UDRTSS118","{83E954A5-4BD0-4C18-BDC6-63BB4AA23EFA}","Veritas NetBackup Client","Symantec Corporation","6.5.0"
"UDRTSS118","{8E34682C-8118-31F1-BC4C-98CD9675E1C2}","Microsoft .NET Framework 4 Extended","Microsoft Corporation","4.0.30319"
"UDRTSS118","{90140000-002A-0000-1000-0000000FF1CE}","Microsoft Office Office 64-bit Components 2010","Microsoft Corporation","14.0.6029.1000"
"UDRTSS118","{90140000-002A-0409-1000-0000000FF1CE}","Microsoft Office Shared 64-bit MUI (English) 2010","Microsoft Corporation","14.0.6029.1000"
"UDRTSS118","{90140000-0116-0409-1000-0000000FF1CE}","Microsoft Office Shared 64-bit Setup Metadata MUI (English) 2010","Microsoft Corporation","14.0.6029.1000"
"UDRTSS118","{A1C9093D-CD66-4B0B-B890-4DE5E2EC5428}","Veritas NetBackup 6.5.4 (6.5 Release Update 4)","Symantec Corporation","4000.0000"
"UDRTSS118","{A85634C1-370D-4A35-A872-8337942A570B}","Citrix XenApp 5.0","Citrix Systems, Inc.","5.0.2"
"UDRTSS118","{AAE18511-1041-40A5-9A50-E7C07DD6A504}","Citrix XenApp Commands (CTP3)","Citrix Systems, Inc.","5.0.1.1"
"UDRTSS118","{B0A5A6EE-F8BA-48B1-BB32-BAC17E96C2B4}","Microsoft Visual J# 2.0 Redistributable Package - SE (x64)","Microsoft Corporation","2.0.50728"
"UDRTSS118","{B3C8200C-9F0B-4D12-9498-00572F87B049}","Microsoft Application Virtualization Client for Remote Desktop Services","Microsoft Corporation","4.6.2.24020"
"UDRTSS118","{BD430C50-784F-32CD-87E7-A8C47EE6107F}","Microsoft Visual Studio 2010 Tools for Office Runtime (x64)","Microsoft Corporation","10.0.30322"
"UDRTSS118","{C7D02CC3-4EA6-482D-8973-3F17D87F3EB9}","Spike Active X Control 1.0.0.19","ExxonMobil","1.0.0.19"
"UDRTSS118","{CE2CDD62-0124-36CA-84D3-9F4DCF5C5BD9}","Microsoft .NET Framework 3.5 SP1","Microsoft Corporation","3.5.30729"
"UDRTSS118","{D57B88AD-0120-4958-8626-758A4EBEC799}","Citrix EdgeSight for XenApp Agent 5.3 x64","Citrix Systems, Inc.","5.3.4139.3"
"UDRTSS118","{DD19981F-FBBF-46BD-92F5-94951BD717C1}","AutoLoad Scripts","ExxonMobil","1.00.0000"
"UDRTSS118","{F5B09CFD-F0B2-36AF-8DF4-1DF6B63FC7B4}","Microsoft .NET Framework 4 Client Profile","Microsoft Corporation","4.0.30319"
"UDRTSS119","CmdHere","CMD Prompt Here PowerToy (Uninstall only)",,
"UDRTSS119","Microsoft .NET Framework 3.5 SP1","Microsoft .NET Framework 3.5 SP1","Microsoft Corporation",
"UDRTSS119","Microsoft .NET Framework 4 Client Profile","Microsoft .NET Framework 4 Client Profile","Microsoft Corporation","4.0.30319"
"UDRTSS119","Microsoft .NET Framework 4 Extended","Microsoft .NET Framework 4 Extended","Microsoft Corporation","4.0.30319"
"UDRTSS119","Microsoft Visual J# 2.0 Redistributable Package - SE (x64)","Microsoft Visual J# 2.0 Redistributable Package - SE (x64)","Microsoft Corporation",
"UDRTSS119","Microsoft Visual Studio 2010 Tools for Office Runtime (x64)","Microsoft Visual Studio 2010 Tools for Office Runtime (x64)","Microsoft Corporation","10.0.30319"
"UDRTSS119","PowerShellHere","PowerShell Prompt Here PowerToy for Windows PowerShell v1.0 (Remove only)",,
"UDRTSS119","Veritas NetBackup Client","Veritas NetBackup Client","Symantec Corporation","6.5.0"
"UDRTSS119","{05751C5A-29E0-494E-A2C6-3229B196D23B}","XOM ORC","ExxonMobil SETS LSC","1.00.0000"
"UDRTSS119","{071c9b48-7c32-4621-a0ac-3f809523288f}","Microsoft Visual C++ 2005 Redistributable (x64)","Microsoft Corporation","8.0.56336"
"UDRTSS119","{1D8E6291-B0D5-35EC-8441-6616F567A0F7}","Microsoft Visual C++ Redistributable 2010 SP1 (x64)","ExxonMobil","10.0.40219"
"UDRTSS119","{2180B33F-3225-423E-BBC1-7798CFD3CD1F}","Microsoft SQL Server 2008 R2 Native Client","Microsoft Corporation","10.50.1600.1"
"UDRTSS119","{26A24AE4-039D-4CA4-87B4-2F86416030FF}","Java Runtime Environment (64-bit) 6.0 Update 30","Oracle","6.0.300"
"UDRTSS119","{46488CDF-4FE8-442A-8E8B-AA5615598FCF}","VMware Tools","VMware, Inc.","9.0.5.25843"
"UDRTSS119","{4E872557-9318-4129-80E0-87C49DA82295}","ActiveX for MOVEit DMZ 7.10","IPSWITCH","7.10"
"UDRTSS119","{5C75DA6D-F5E3-4D4B-A381-B52B8CA5B1CF}","Symantec Endpoint Protection","Symantec Corporation","11.0.7000.975"
"UDRTSS119","{5FCE6D76-F5DC-37AB-B2B8-22AB8CEDB1D4}","Microsoft Visual C++ 2008 Redistributable - x64 9.0.30729.6161","Microsoft Corporation","9.0.30729.6161"
"UDRTSS119","{633F3A7E-471D-4C08-A643-C184A2EE19AB}","XML Parser (MSXML) 6.10.1129.0","Microsoft","6.10.1129.0"
"UDRTSS119","{6CC848C5-DE4D-49F3-A1D3-3DE209B3E688}","Gemalto Access Client (x64) 5.5","Gemalto","5.5"
"UDRTSS119","{7580D918-C621-49E7-9877-3CC59F9BD1DA}","Microsoft Application Virtualization Client for Remote Desktop Services","Microsoft Corporation","4.6.0.20200"
"UDRTSS119","{75ACABC2-ED30-4E70-AB16-B5D980787DD5}","Sysprep Pack","ExxonMobil","1.00.0000"
"UDRTSS119","{786970C5-E6F6-4A41-B238-AE25D4B91EEA}","Microsoft Monitoring Agent","Microsoft Corporation","7.1.10184.0"
"UDRTSS119","{7BBC85C8-A53D-4E41-9477-2B0F76543808}","BACS MAC Changer","ExxonMobil","1.00.0000"
"UDRTSS119","{7DFA8779-CB4B-40A7-BCBC-06AFA6B29DA5}","XOM Toolset","ExxonMobil","1.00.0000"
"UDRTSS119","{83E954A5-4BD0-4C18-BDC6-63BB4AA23EFA}","Veritas NetBackup Client","Symantec Corporation","6.5.0"
"UDRTSS119","{8E34682C-8118-31F1-BC4C-98CD9675E1C2}","Microsoft .NET Framework 4 Extended","Microsoft Corporation","4.0.30319"
"UDRTSS119","{90140000-002A-0000-1000-0000000FF1CE}","Microsoft Office Office 64-bit Components 2010","Microsoft Corporation","14.0.6029.1000"
"UDRTSS119","{90140000-002A-0409-1000-0000000FF1CE}","Microsoft Office Shared 64-bit MUI (English) 2010","Microsoft Corporation","14.0.6029.1000"
"UDRTSS119","{90140000-0116-0409-1000-0000000FF1CE}","Microsoft Office Shared 64-bit Setup Metadata MUI (English) 2010","Microsoft Corporation","14.0.6029.1000"
"UDRTSS119","{A1C9093D-CD66-4B0B-B890-4DE5E2EC5428}","Veritas NetBackup 6.5.4 (6.5 Release Update 4)","Symantec Corporation","4000.0000"
"UDRTSS119","{A85634C1-370D-4A35-A872-8337942A570B}","Citrix XenApp 5.0","Citrix Systems, Inc.","5.0.2"
"UDRTSS119","{AAE18511-1041-40A5-9A50-E7C07DD6A504}","Citrix XenApp Commands (CTP3)","Citrix Systems, Inc.","5.0.1.1"
"UDRTSS119","{B0A5A6EE-F8BA-48B1-BB32-BAC17E96C2B4}","Microsoft Visual J# 2.0 Redistributable Package - SE (x64)","Microsoft Corporation","2.0.50728"
"UDRTSS119","{B3C8200C-9F0B-4D12-9498-00572F87B049}","Microsoft Application Virtualization Client for Remote Desktop Services","Microsoft Corporation","4.6.2.24020"
"UDRTSS119","{BD430C50-784F-32CD-87E7-A8C47EE6107F}","Microsoft Visual Studio 2010 Tools for Office Runtime (x64)","Microsoft Corporation","10.0.30322"
"UDRTSS119","{C7D02CC3-4EA6-482D-8973-3F17D87F3EB9}","Spike Active X Control 1.0.0.19","ExxonMobil","1.0.0.19"
"UDRTSS119","{CE2CDD62-0124-36CA-84D3-9F4DCF5C5BD9}","Microsoft .NET Framework 3.5 SP1","Microsoft Corporation","3.5.30729"
"UDRTSS119","{D57B88AD-0120-4958-8626-758A4EBEC799}","Citrix EdgeSight for XenApp Agent 5.3 x64","Citrix Systems, Inc.","5.3.4139.3"
"UDRTSS119","{DD19981F-FBBF-46BD-92F5-94951BD717C1}","AutoLoad Scripts","ExxonMobil","1.00.0000"
"UDRTSS119","{F5B09CFD-F0B2-36AF-8DF4-1DF6B63FC7B4}","Microsoft .NET Framework 4 Client Profile","Microsoft Corporation","4.0.30319"
"UPSTSS107","CmdHere","CMD Prompt Here PowerToy (Uninstall only)",,
"UPSTSS107","Microsoft .NET Framework 3.5 SP1","Microsoft .NET Framework 3.5 SP1","Microsoft Corporation",
"UPSTSS107","Microsoft .NET Framework 4 Client Profile","Microsoft .NET Framework 4 Client Profile","Microsoft Corporation","4.0.30319"
"UPSTSS107","Microsoft .NET Framework 4 Extended","Microsoft .NET Framework 4 Extended","Microsoft Corporation","4.0.30319"
"UPSTSS107","Microsoft Help Viewer 1.1","Microsoft Help Viewer 1.1","Microsoft Corporation","1.1.40219"
"UPSTSS107","Microsoft SQL Server 11","Microsoft SQL Server 2012 (64-bit)",,
"UPSTSS107","Microsoft SQL Server SQLServer2012","Microsoft SQL Server 2012 (64-bit)","Microsoft Corporation",
"UPSTSS107","Microsoft Visual J# 2.0 Redistributable Package - SE (x64)","Microsoft Visual J# 2.0 Redistributable Package - SE (x64)","Microsoft Corporation",
"UPSTSS107","Microsoft Visual Studio 2010 Tools for Office Runtime (x64)","Microsoft Visual Studio 2010 Tools for Office Runtime (x64)","Microsoft Corporation","10.0.30319"
"UPSTSS107","PowerShellHere","PowerShell Prompt Here PowerToy for Windows PowerShell v1.0 (Remove only)",,
"UPSTSS107","Secure Login Client (x64)","SAP Secure Login Client (x64)","SAP AG","2.0.1.0.0"
"UPSTSS107","Symantec NetBackup Client","Symantec NetBackup Client","Symantec Corporation","7.1"
"UPSTSS107","{05751C5A-29E0-494E-A2C6-3229B196D23B}","XOM ORC","ExxonMobil SETS LSC","1.00.0000"
"UPSTSS107","{071c9b48-7c32-4621-a0ac-3f809523288f}","Microsoft Visual C++ 2005 Redistributable (x64)","Microsoft Corporation","8.0.56336"
"UPSTSS107","{0E8670B8-3965-4930-ADA6-570348B67153}","Microsoft SQL Server 2012 Transact-SQL ScriptDom ","Microsoft Corporation","11.0.2100.60"
"UPSTSS107","{1B1C8CA3-3E8B-4268-BCD7-2D0E0ADD200A}","Symantec NetBackup Client","Symantec Corporation","7.1"
"UPSTSS107","{1D411379-9CE0-4B13-A19B-72D3222DD620}","SQL Server 2012 Common Files","Microsoft Corporation","11.0.2100.60"
"UPSTSS107","{1D8E6291-B0D5-35EC-8441-6616F567A0F7}","Microsoft Visual C++ Redistributable 2010 SP1 (x64)","ExxonMobil","10.0.40219"
"UPSTSS107","{202AAF1F-69AA-442A-B59F-6B54B1AD07C6}","SQL Server 2012 Common Files","Microsoft Corporation","11.0.2100.60"
"UPSTSS107","{2180B33F-3225-423E-BBC1-7798CFD3CD1F}","Microsoft SQL Server 2008 R2 Native Client","Microsoft Corporation","10.50.1600.1"
"UPSTSS107","{26A24AE4-039D-4CA4-87B4-2F86416030FF}","Java Runtime Environment (64-bit) 6.0 Update 30","Oracle","6.0.300"
"UPSTSS107","{46488CDF-4FE8-442A-8E8B-AA5615598FCF}","VMware Tools","VMware, Inc.","9.0.5.25843"
"UPSTSS107","{49D665A2-4C2A-476E-9AB8-FCC425F526FC}","Microsoft SQL Server 2012 Native Client ","Microsoft Corporation","11.0.2100.60"
"UPSTSS107","{4E872557-9318-4129-80E0-87C49DA82295}","ActiveX for MOVEit DMZ 7.10","IPSWITCH","7.10"
"UPSTSS107","{5C75DA6D-F5E3-4D4B-A381-B52B8CA5B1CF}","Symantec Endpoint Protection","Symantec Corporation","11.0.7000.975"
"UPSTSS107","{5DDC2234-4B37-45BC-AD33-41F1469B4D83}","Microsoft SQL Server 2012 Setup (English)","Microsoft Corporation","11.0.2100.60"
"UPSTSS107","{633F3A7E-471D-4C08-A643-C184A2EE19AB}","XML Parser (MSXML) 6.10.1129.0","Microsoft","6.10.1129.0"
"UPSTSS107","{656E214E-B73F-458C-AD64-ED316F008207}","SQL Server 2012 BI Development Studio","Microsoft Corporation","11.0.2100.60"
"UPSTSS107","{662014D2-0450-37ED-ABAE-157C88127BEB}","Visual Studio 2010 Prerequisites - English","Microsoft Corporation","10.0.40219"
"UPSTSS107","{6CC848C5-DE4D-49F3-A1D3-3DE209B3E688}","Gemalto Access Client (x64) 5.5","Gemalto","5.5"
"UPSTSS107","{7580D918-C621-49E7-9877-3CC59F9BD1DA}","Microsoft Application Virtualization Client for Remote Desktop Services","Microsoft Corporation","4.6.0.20200"
"UPSTSS107","{75ACABC2-ED30-4E70-AB16-B5D980787DD5}","Sysprep Pack","ExxonMobil","1.00.0000"
"UPSTSS107","{786970C5-E6F6-4A41-B238-AE25D4B91EEA}","Microsoft Monitoring Agent","Microsoft Corporation","7.1.10184.0"
"UPSTSS107","{7BBC85C8-A53D-4E41-9477-2B0F76543808}","BACS MAC Changer","ExxonMobil","1.00.0000"
"UPSTSS107","{7DFA8779-CB4B-40A7-BCBC-06AFA6B29DA5}","XOM Toolset","ExxonMobil","1.00.0000"
"UPSTSS107","{8E34682C-8118-31F1-BC4C-98CD9675E1C2}","Microsoft .NET Framework 4 Extended","Microsoft Corporation","4.0.30319"
"UPSTSS107","{90140000-002A-0000-1000-0000000FF1CE}","Microsoft Office Office 64-bit Components 2010","Microsoft Corporation","14.0.6029.1000"
"UPSTSS107","{90140000-002A-0409-1000-0000000FF1CE}","Microsoft Office Shared 64-bit MUI (English) 2010","Microsoft Corporation","14.0.6029.1000"
"UPSTSS107","{90140000-0116-0409-1000-0000000FF1CE}","Microsoft Office Shared 64-bit Setup Metadata MUI (English) 2010","Microsoft Corporation","14.0.6029.1000"
"UPSTSS107","{A007BD05-ECFD-4F64-89F6-7E95F91F0DFB}","Microsoft SQL Server 2012 Data-Tier App Framework ","Microsoft Corporation","11.0.2100.60"
"UPSTSS107","{A85634C1-370D-4A35-A872-8337942A570B}","Citrix XenApp 5.0","Citrix Systems, Inc.","5.0.2"
"UPSTSS107","{AAE18511-1041-40A5-9A50-E7C07DD6A504}","Citrix XenApp Commands (CTP3)","Citrix Systems, Inc.","5.0.1.1"
"UPSTSS107","{B0A5A6EE-F8BA-48B1-BB32-BAC17E96C2B4}","Microsoft Visual J# 2.0 Redistributable Package - SE (x64)","Microsoft Corporation","2.0.50728"
"UPSTSS107","{B3C8200C-9F0B-4D12-9498-00572F87B049}","Microsoft Application Virtualization Client for Remote Desktop Services","Microsoft Corporation","4.6.2.24020"
"UPSTSS107","{B40EE88B-400A-4266-A17B-E3DE64E94431}","Microsoft SQL Server 2008 Setup Support Files ","Microsoft Corporation","10.1.2731.0"
"UPSTSS107","{BD430C50-784F-32CD-87E7-A8C47EE6107F}","Microsoft Visual Studio 2010 Tools for Office Runtime (x64)","Microsoft Corporation","10.0.30322"
"UPSTSS107","{BEB0F91E-F2EA-48A1-B938-7857ABF2A93D}","Microsoft SQL Server 2012 Transact-SQL Compiler Service ","Microsoft Corporation","11.0.2100.60"
"UPSTSS107","{C7D02CC3-4EA6-482D-8973-3F17D87F3EB9}","Spike Active X Control 1.0.0.19","ExxonMobil","1.0.0.19"
"UPSTSS107","{CC8B009A-98C9-497F-99AF-CEBE35D8C0CF}","Microsoft SQL Server 2012 T-SQL Language Service ","Microsoft Corporation","11.0.2100.60"
"UPSTSS107","{CE2CDD62-0124-36CA-84D3-9F4DCF5C5BD9}","Microsoft .NET Framework 3.5 SP1","Microsoft Corporation","3.5.30729"
"UPSTSS107","{D307B5CF-D1F0-48A4-8DA3-54765F535208}","SQL Server 2012 SQL Data Quality Common","Microsoft Corporation","11.0.2100.60"
"UPSTSS107","{D57B88AD-0120-4958-8626-758A4EBEC799}","Citrix EdgeSight for XenApp Agent 5.3 x64","Citrix Systems, Inc.","5.3.4139.3"
"UPSTSS107","{DD19981F-FBBF-46BD-92F5-94951BD717C1}","AutoLoad Scripts","ExxonMobil","1.00.0000"
"UPSTSS107","{E5748D30-7E6D-3A8E-BFE6-C1D02C6DDABB}","Microsoft Help Viewer 1.1","Microsoft Corporation","1.1.40219"
"UPSTSS107","{EE1B54D1-BFBC-4C19-8D66-E0AF3E967896}","SQL Server 2012 BI Development Studio","Microsoft Corporation","11.0.2100.60"
"UPSTSS107","{F1949145-EB64-4DE7-9D81-E6D27937146C}","Microsoft System CLR Types for SQL Server 2012 (x64)","Microsoft Corporation","11.0.2100.60"
"UPSTSS107","{F5B09CFD-F0B2-36AF-8DF4-1DF6B63FC7B4}","Microsoft .NET Framework 4 Client Profile","Microsoft Corporation","4.0.30319"
"UPSTSS107","{FA0A244E-F3C2-4589-B42A-3D522DE79A42}","Microsoft SQL Server 2012 Management Objects  (x64)","Microsoft Corporation","11.0.2100.60"
"UPSTSS108","CmdHere","CMD Prompt Here PowerToy (Uninstall only)",,
"UPSTSS108","Microsoft .NET Framework 3.5 SP1","Microsoft .NET Framework 3.5 SP1","Microsoft Corporation",
"UPSTSS108","Microsoft .NET Framework 4 Client Profile","Microsoft .NET Framework 4 Client Profile","Microsoft Corporation","4.0.30319"
"UPSTSS108","Microsoft .NET Framework 4 Extended","Microsoft .NET Framework 4 Extended","Microsoft Corporation","4.0.30319"
"UPSTSS108","Microsoft Help Viewer 1.1","Microsoft Help Viewer 1.1","Microsoft Corporation","1.1.40219"
"UPSTSS108","Microsoft SQL Server 11","Microsoft SQL Server 2012 (64-bit)",,
"UPSTSS108","Microsoft SQL Server SQLServer2012","Microsoft SQL Server 2012 (64-bit)","Microsoft Corporation",
"UPSTSS108","Microsoft Visual J# 2.0 Redistributable Package - SE (x64)","Microsoft Visual J# 2.0 Redistributable Package - SE (x64)","Microsoft Corporation",
"UPSTSS108","Microsoft Visual Studio 2010 Tools for Office Runtime (x64)","Microsoft Visual Studio 2010 Tools for Office Runtime (x64)","Microsoft Corporation","10.0.30319"
"UPSTSS108","PowerShellHere","PowerShell Prompt Here PowerToy for Windows PowerShell v1.0 (Remove only)",,
"UPSTSS108","Secure Login Client (x64)","SAP Secure Login Client (x64)","SAP AG","2.0.1.0.0"
"UPSTSS108","Symantec NetBackup Client","Symantec NetBackup Client","Symantec Corporation","7.1"
"UPSTSS108","{05751C5A-29E0-494E-A2C6-3229B196D23B}","XOM ORC","ExxonMobil SETS LSC","1.00.0000"
"UPSTSS108","{071c9b48-7c32-4621-a0ac-3f809523288f}","Microsoft Visual C++ 2005 Redistributable (x64)","Microsoft Corporation","8.0.56336"
"UPSTSS108","{0E8670B8-3965-4930-ADA6-570348B67153}","Microsoft SQL Server 2012 Transact-SQL ScriptDom ","Microsoft Corporation","11.0.2100.60"
"UPSTSS108","{1B1C8CA3-3E8B-4268-BCD7-2D0E0ADD200A}","Symantec NetBackup Client","Symantec Corporation","7.1"
"UPSTSS108","{1D411379-9CE0-4B13-A19B-72D3222DD620}","SQL Server 2012 Common Files","Microsoft Corporation","11.0.2100.60"
"UPSTSS108","{1D8E6291-B0D5-35EC-8441-6616F567A0F7}","Microsoft Visual C++ Redistributable 2010 SP1 (x64)","ExxonMobil","10.0.40219"
"UPSTSS108","{202AAF1F-69AA-442A-B59F-6B54B1AD07C6}","SQL Server 2012 Common Files","Microsoft Corporation","11.0.2100.60"
"UPSTSS108","{2180B33F-3225-423E-BBC1-7798CFD3CD1F}","Microsoft SQL Server 2008 R2 Native Client","Microsoft Corporation","10.50.1600.1"
"UPSTSS108","{26A24AE4-039D-4CA4-87B4-2F86416030FF}","Java Runtime Environment (64-bit) 6.0 Update 30","Oracle","6.0.300"
"UPSTSS108","{46488CDF-4FE8-442A-8E8B-AA5615598FCF}","VMware Tools","VMware, Inc.","9.0.5.25843"
"UPSTSS108","{49D665A2-4C2A-476E-9AB8-FCC425F526FC}","Microsoft SQL Server 2012 Native Client ","Microsoft Corporation","11.0.2100.60"
"UPSTSS108","{4E872557-9318-4129-80E0-87C49DA82295}","ActiveX for MOVEit DMZ 7.10","IPSWITCH","7.10"
"UPSTSS108","{5C75DA6D-F5E3-4D4B-A381-B52B8CA5B1CF}","Symantec Endpoint Protection","Symantec Corporation","11.0.7000.975"
"UPSTSS108","{5DDC2234-4B37-45BC-AD33-41F1469B4D83}","Microsoft SQL Server 2012 Setup (English)","Microsoft Corporation","11.0.2100.60"
"UPSTSS108","{633F3A7E-471D-4C08-A643-C184A2EE19AB}","XML Parser (MSXML) 6.10.1129.0","Microsoft","6.10.1129.0"
"UPSTSS108","{656E214E-B73F-458C-AD64-ED316F008207}","SQL Server 2012 BI Development Studio","Microsoft Corporation","11.0.2100.60"
"UPSTSS108","{662014D2-0450-37ED-ABAE-157C88127BEB}","Visual Studio 2010 Prerequisites - English","Microsoft Corporation","10.0.40219"
"UPSTSS108","{6CC848C5-DE4D-49F3-A1D3-3DE209B3E688}","Gemalto Access Client (x64) 5.5","Gemalto","5.5"
"UPSTSS108","{7580D918-C621-49E7-9877-3CC59F9BD1DA}","Microsoft Application Virtualization Client for Remote Desktop Services","Microsoft Corporation","4.6.0.20200"
"UPSTSS108","{75ACABC2-ED30-4E70-AB16-B5D980787DD5}","Sysprep Pack","ExxonMobil","1.00.0000"
"UPSTSS108","{786970C5-E6F6-4A41-B238-AE25D4B91EEA}","Microsoft Monitoring Agent","Microsoft Corporation","7.1.10184.0"
"UPSTSS108","{7BBC85C8-A53D-4E41-9477-2B0F76543808}","BACS MAC Changer","ExxonMobil","1.00.0000"
"UPSTSS108","{7DFA8779-CB4B-40A7-BCBC-06AFA6B29DA5}","XOM Toolset","ExxonMobil","1.00.0000"
"UPSTSS108","{8E34682C-8118-31F1-BC4C-98CD9675E1C2}","Microsoft .NET Framework 4 Extended","Microsoft Corporation","4.0.30319"
"UPSTSS108","{90140000-002A-0000-1000-0000000FF1CE}","Microsoft Office Office 64-bit Components 2010","Microsoft Corporation","14.0.6029.1000"
"UPSTSS108","{90140000-002A-0409-1000-0000000FF1CE}","Microsoft Office Shared 64-bit MUI (English) 2010","Microsoft Corporation","14.0.6029.1000"
"UPSTSS108","{90140000-0116-0409-1000-0000000FF1CE}","Microsoft Office Shared 64-bit Setup Metadata MUI (English) 2010","Microsoft Corporation","14.0.6029.1000"
"UPSTSS108","{A007BD05-ECFD-4F64-89F6-7E95F91F0DFB}","Microsoft SQL Server 2012 Data-Tier App Framework ","Microsoft Corporation","11.0.2100.60"
"UPSTSS108","{A85634C1-370D-4A35-A872-8337942A570B}","Citrix XenApp 5.0","Citrix Systems, Inc.","5.0.2"
"UPSTSS108","{AAE18511-1041-40A5-9A50-E7C07DD6A504}","Citrix XenApp Commands (CTP3)","Citrix Systems, Inc.","5.0.1.1"
"UPSTSS108","{B0A5A6EE-F8BA-48B1-BB32-BAC17E96C2B4}","Microsoft Visual J# 2.0 Redistributable Package - SE (x64)","Microsoft Corporation","2.0.50728"
"UPSTSS108","{B3C8200C-9F0B-4D12-9498-00572F87B049}","Microsoft Application Virtualization Client for Remote Desktop Services","Microsoft Corporation","4.6.2.24020"
"UPSTSS108","{B40EE88B-400A-4266-A17B-E3DE64E94431}","Microsoft SQL Server 2008 Setup Support Files ","Microsoft Corporation","10.1.2731.0"
"UPSTSS108","{BD430C50-784F-32CD-87E7-A8C47EE6107F}","Microsoft Visual Studio 2010 Tools for Office Runtime (x64)","Microsoft Corporation","10.0.30322"
"UPSTSS108","{BEB0F91E-F2EA-48A1-B938-7857ABF2A93D}","Microsoft SQL Server 2012 Transact-SQL Compiler Service ","Microsoft Corporation","11.0.2100.60"
"UPSTSS108","{C7D02CC3-4EA6-482D-8973-3F17D87F3EB9}","Spike Active X Control 1.0.0.19","ExxonMobil","1.0.0.19"
"UPSTSS108","{CC8B009A-98C9-497F-99AF-CEBE35D8C0CF}","Microsoft SQL Server 2012 T-SQL Language Service ","Microsoft Corporation","11.0.2100.60"
"UPSTSS108","{CE2CDD62-0124-36CA-84D3-9F4DCF5C5BD9}","Microsoft .NET Framework 3.5 SP1","Microsoft Corporation","3.5.30729"
"UPSTSS108","{D307B5CF-D1F0-48A4-8DA3-54765F535208}","SQL Server 2012 SQL Data Quality Common","Microsoft Corporation","11.0.2100.60"
"UPSTSS108","{D57B88AD-0120-4958-8626-758A4EBEC799}","Citrix EdgeSight for XenApp Agent 5.3 x64","Citrix Systems, Inc.","5.3.4139.3"
"UPSTSS108","{DD19981F-FBBF-46BD-92F5-94951BD717C1}","AutoLoad Scripts","ExxonMobil","1.00.0000"
"UPSTSS108","{E5748D30-7E6D-3A8E-BFE6-C1D02C6DDABB}","Microsoft Help Viewer 1.1","Microsoft Corporation","1.1.40219"
"UPSTSS108","{EE1B54D1-BFBC-4C19-8D66-E0AF3E967896}","SQL Server 2012 BI Development Studio","Microsoft Corporation","11.0.2100.60"
"UPSTSS108","{F1949145-EB64-4DE7-9D81-E6D27937146C}","Microsoft System CLR Types for SQL Server 2012 (x64)","Microsoft Corporation","11.0.2100.60"
"UPSTSS108","{F5B09CFD-F0B2-36AF-8DF4-1DF6B63FC7B4}","Microsoft .NET Framework 4 Client Profile","Microsoft Corporation","4.0.30319"
"UPSTSS108","{FA0A244E-F3C2-4589-B42A-3D522DE79A42}","Microsoft SQL Server 2012 Management Objects  (x64)","Microsoft Corporation","11.0.2100.60"
